call_id,arm_id,episode_id,period,model_id,prompt_hash,decoding_hash,attempt_index,outcome,input_tokens,output_tokens,latency_ms,usd_cost,cache_hit,physical
call-000001,arm8_spec_immediate,dev/f4/s4100012/early_accurate,20,grok-4.20-0309-non-reasoning,sha256:cc94befe31f328f2473c20e61ab6286bb18055d02c5f71dbec4201be5d67536c,det-v1,1,accepted,1636,59,0.004,0.0021925000,true,false
call-000002,arm10_spec_eprocess,dev/f4/s4100012/early_accurate,20,grok-4.20-0309-non-reasoning,sha256:cc94befe31f328f2473c20e61ab6286bb18055d02c5f71dbec4201be5d67536c,det-v1,1,accepted,1636,59,0.002,0.0021925000,true,false
call-000003,arm12_cth,dev/f4/s4100012/early_accurate,20,grok-4.20-0309-non-reasoning,sha256:cc94befe31f328f2473c20e61ab6286bb18055d02c5f71dbec4201be5d67536c,det-v1,1,accepted,1636,59,0.003,0.0021925000,true,false
call-000004,arm12b_cth_llm,dev/f4/s4100012/early_accurate,20,grok-4.20-0309-non-reasoning,sha256:cc94befe31f328f2473c20e61ab6286bb18055d02c5f71dbec4201be5d67536c,det-v1,1,accepted,1636,59,0.003,0.0021925000,true,false
call-000005,arm8_spec_immediate,dev/f4/s4100012/late_accurate,23,grok-4.20-0309-non-reasoning,sha256:7ba5ac62b410999b6b6b3aa9a6f9ee5f4caba4798c3f437c632a95643c520e0f,det-v1,1,,1750,59,1050.606,0.0023350000,false,true
call-000006,arm8_spec_immediate,dev/f4/s4100012/late_accurate,23,grok-4.20-0309-non-reasoning,sha256:7ba5ac62b410999b6b6b3aa9a6f9ee5f4caba4798c3f437c632a95643c520e0f,det-v1,1,accepted,1750,59,1050.606,0.0023350000,false,false
call-000007,arm10_spec_eprocess,dev/f4/s4100012/late_accurate,23,grok-4.20-0309-non-reasoning,sha256:7ba5ac62b410999b6b6b3aa9a6f9ee5f4caba4798c3f437c632a95643c520e0f,det-v1,1,accepted,1750,59,0.002,0.0023350000,true,false
call-000008,arm12_cth,dev/f4/s4100012/late_accurate,23,grok-4.20-0309-non-reasoning,sha256:7ba5ac62b410999b6b6b3aa9a6f9ee5f4caba4798c3f437c632a95643c520e0f,det-v1,1,accepted,1750,59,0.004,0.0023350000,true,false
call-000009,arm12b_cth_llm,dev/f4/s4100012/late_accurate,23,grok-4.20-0309-non-reasoning,sha256:7ba5ac62b410999b6b6b3aa9a6f9ee5f4caba4798c3f437c632a95643c520e0f,det-v1,1,accepted,1750,59,0.004,0.0023350000,true,false
call-000010,arm8_spec_immediate,dev/f4/s4100012/unreliable,20,grok-4.20-0309-non-reasoning,sha256:b840d02959f94bbc2fc311ae0e22169ddf245a9b8b5d7d535c44a17e7447273f,det-v1,1,accepted,1617,50,0.004,0.0021462500,true,false
call-000011,arm10_spec_eprocess,dev/f4/s4100012/unreliable,20,grok-4.20-0309-non-reasoning,sha256:b840d02959f94bbc2fc311ae0e22169ddf245a9b8b5d7d535c44a17e7447273f,det-v1,1,accepted,1617,50,0.002,0.0021462500,true,false
call-000012,arm12_cth,dev/f4/s4100012/unreliable,20,grok-4.20-0309-non-reasoning,sha256:b840d02959f94bbc2fc311ae0e22169ddf245a9b8b5d7d535c44a17e7447273f,det-v1,1,accepted,1617,50,0.002,0.0021462500,true,false
call-000013,arm12b_cth_llm,dev/f4/s4100012/unreliable,20,grok-4.20-0309-non-reasoning,sha256:b840d02959f94bbc2fc311ae0e22169ddf245a9b8b5d7d535c44a17e7447273f,det-v1,1,accepted,1617,50,0.004,0.0021462500,true,false
call-000014,arm8_spec_immediate,cal/f4/s4100013/early_accurate,13,grok-4.20-0309-non-reasoning,sha256:ae858fb19888a42550718b84dca908ef5bb5f9216d271e0e2346ffc62093d7e8,det-v1,1,,1367,50,790.256,0.0018337500,false,true
call-000015,arm8_spec_immediate,cal/f4/s4100013/early_accurate,13,grok-4.20-0309-non-reasoning,sha256:ae858fb19888a42550718b84dca908ef5bb5f9216d271e0e2346ffc62093d7e8,det-v1,1,accepted,1367,50,790.256,0.0018337500,false,false
call-000016,arm10_spec_eprocess,cal/f4/s4100013/early_accurate,13,grok-4.20-0309-non-reasoning,sha256:ae858fb19888a42550718b84dca908ef5bb5f9216d271e0e2346ffc62093d7e8,det-v1,1,accepted,1367,50,0.002,0.0018337500,true,false
call-000017,arm12_cth,cal/f4/s4100013/early_accurate,13,grok-4.20-0309-non-reasoning,sha256:ae858fb19888a42550718b84dca908ef5bb5f9216d271e0e2346ffc62093d7e8,det-v1,1,accepted,1367,50,0.001,0.0018337500,true,false
call-000018,arm12b_cth_llm,cal/f4/s4100013/early_accurate,13,grok-4.20-0309-non-reasoning,sha256:ae858fb19888a42550718b84dca908ef5bb5f9216d271e0e2346ffc62093d7e8,det-v1,1,accepted,1367,50,0.003,0.0018337500,true,false
call-000019,arm8_spec_immediate,cal/f4/s4100013/late_accurate,16,grok-4.20-0309-non-reasoning,sha256:be81978c452a3d3d6b8f99f02192b26b85e52706797e2c910f055ee5f918c6f8,det-v1,1,,1481,76,903.210,0.0020412500,false,true
call-000020,arm8_spec_immediate,cal/f4/s4100013/late_accurate,16,grok-4.20-0309-non-reasoning,sha256:be81978c452a3d3d6b8f99f02192b26b85e52706797e2c910f055ee5f918c6f8,det-v1,1,accepted,1481,76,903.210,0.0020412500,false,false
call-000021,arm10_spec_eprocess,cal/f4/s4100013/late_accurate,16,grok-4.20-0309-non-reasoning,sha256:be81978c452a3d3d6b8f99f02192b26b85e52706797e2c910f055ee5f918c6f8,det-v1,1,accepted,1481,76,0.002,0.0020412500,true,false
call-000022,arm12_cth,cal/f4/s4100013/late_accurate,16,grok-4.20-0309-non-reasoning,sha256:be81978c452a3d3d6b8f99f02192b26b85e52706797e2c910f055ee5f918c6f8,det-v1,1,accepted,1481,76,0.003,0.0020412500,true,false
call-000023,arm12b_cth_llm,cal/f4/s4100013/late_accurate,16,grok-4.20-0309-non-reasoning,sha256:be81978c452a3d3d6b8f99f02192b26b85e52706797e2c910f055ee5f918c6f8,det-v1,1,accepted,1481,76,0.003,0.0020412500,true,false
call-000024,arm8_spec_immediate,cal/f4/s4100013/unreliable,13,grok-4.20-0309-non-reasoning,sha256:2d7f3e9f0cd7e60a7f2a09ba62aa21459f76bb69a85154df28da0b388dcd9704,det-v1,1,,1366,61,1037.360,0.0018600000,false,true
call-000025,arm8_spec_immediate,cal/f4/s4100013/unreliable,13,grok-4.20-0309-non-reasoning,sha256:2d7f3e9f0cd7e60a7f2a09ba62aa21459f76bb69a85154df28da0b388dcd9704,det-v1,1,accepted,1366,61,1037.360,0.0018600000,false,false
call-000026,arm10_spec_eprocess,cal/f4/s4100013/unreliable,13,grok-4.20-0309-non-reasoning,sha256:2d7f3e9f0cd7e60a7f2a09ba62aa21459f76bb69a85154df28da0b388dcd9704,det-v1,1,accepted,1366,61,0.002,0.0018600000,true,false
call-000027,arm12_cth,cal/f4/s4100013/unreliable,13,grok-4.20-0309-non-reasoning,sha256:2d7f3e9f0cd7e60a7f2a09ba62aa21459f76bb69a85154df28da0b388dcd9704,det-v1,1,accepted,1366,61,0.003,0.0018600000,true,false
call-000028,arm12b_cth_llm,cal/f4/s4100013/unreliable,13,grok-4.20-0309-non-reasoning,sha256:2d7f3e9f0cd7e60a7f2a09ba62aa21459f76bb69a85154df28da0b388dcd9704,det-v1,1,accepted,1366,61,0.003,0.0018600000,true,false
call-000029,arm8_spec_immediate,cal/f4/s4100013/no_alert__twin,10,grok-4.20-0309-non-reasoning,sha256:cc240b0c07eebf330c30d23c1c377568898b00976e0a447dac9cdb590bc417c6,det-v1,1,,1254,86,1078.577,0.0017825000,false,true
call-000030,arm8_spec_immediate,cal/f4/s4100013/no_alert__twin,10,grok-4.20-0309-non-reasoning,sha256:cc240b0c07eebf330c30d23c1c377568898b00976e0a447dac9cdb590bc417c6,det-v1,1,accepted,1254,86,1078.577,0.0017825000,false,false
call-000031,arm10_spec_eprocess,cal/f4/s4100013/no_alert__twin,10,grok-4.20-0309-non-reasoning,sha256:cc240b0c07eebf330c30d23c1c377568898b00976e0a447dac9cdb590bc417c6,det-v1,1,accepted,1254,86,0.002,0.0017825000,true,false
call-000032,arm12_cth,cal/f4/s4100013/no_alert__twin,10,grok-4.20-0309-non-reasoning,sha256:cc240b0c07eebf330c30d23c1c377568898b00976e0a447dac9cdb590bc417c6,det-v1,1,accepted,1254,86,0.002,0.0017825000,true,false
call-000033,arm12b_cth_llm,cal/f4/s4100013/no_alert__twin,10,grok-4.20-0309-non-reasoning,sha256:cc240b0c07eebf330c30d23c1c377568898b00976e0a447dac9cdb590bc417c6,det-v1,1,accepted,1254,86,0.002,0.0017825000,true,false
call-000034,arm8_spec_immediate,dev/f4/s4100014/early_accurate,18,grok-4.20-0309-non-reasoning,sha256:ae8c831a06ba5a01ce877a9942ac886ea57a944d7378e8bbce4711ce385b3cfa,det-v1,1,,1555,87,1232.017,0.0021612500,false,true
call-000035,arm8_spec_immediate,dev/f4/s4100014/early_accurate,18,grok-4.20-0309-non-reasoning,sha256:ae8c831a06ba5a01ce877a9942ac886ea57a944d7378e8bbce4711ce385b3cfa,det-v1,1,accepted,1555,87,1232.017,0.0021612500,false,false
call-000036,arm10_spec_eprocess,dev/f4/s4100014/early_accurate,18,grok-4.20-0309-non-reasoning,sha256:ae8c831a06ba5a01ce877a9942ac886ea57a944d7378e8bbce4711ce385b3cfa,det-v1,1,accepted,1555,87,0.002,0.0021612500,true,false
call-000037,arm12_cth,dev/f4/s4100014/early_accurate,18,grok-4.20-0309-non-reasoning,sha256:ae8c831a06ba5a01ce877a9942ac886ea57a944d7378e8bbce4711ce385b3cfa,det-v1,1,accepted,1555,87,0.003,0.0021612500,true,false
call-000038,arm12b_cth_llm,dev/f4/s4100014/early_accurate,18,grok-4.20-0309-non-reasoning,sha256:ae8c831a06ba5a01ce877a9942ac886ea57a944d7378e8bbce4711ce385b3cfa,det-v1,1,accepted,1555,87,0.003,0.0021612500,true,false
call-000039,arm8_spec_immediate,dev/f4/s4100014/late_accurate,21,grok-4.20-0309-non-reasoning,sha256:fbc6a06c6aa2c9f50c81a58059dacf705b16ff25bc53fa4107cf213b385cf2e8,det-v1,1,,1669,87,1055.829,0.0023037500,false,true
call-000040,arm8_spec_immediate,dev/f4/s4100014/late_accurate,21,grok-4.20-0309-non-reasoning,sha256:fbc6a06c6aa2c9f50c81a58059dacf705b16ff25bc53fa4107cf213b385cf2e8,det-v1,1,accepted,1669,87,1055.829,0.0023037500,false,false
call-000041,arm10_spec_eprocess,dev/f4/s4100014/late_accurate,21,grok-4.20-0309-non-reasoning,sha256:fbc6a06c6aa2c9f50c81a58059dacf705b16ff25bc53fa4107cf213b385cf2e8,det-v1,1,accepted,1669,87,0.003,0.0023037500,true,false
call-000042,arm12_cth,dev/f4/s4100014/late_accurate,21,grok-4.20-0309-non-reasoning,sha256:fbc6a06c6aa2c9f50c81a58059dacf705b16ff25bc53fa4107cf213b385cf2e8,det-v1,1,accepted,1669,87,0.003,0.0023037500,true,false
call-000043,arm12b_cth_llm,dev/f4/s4100014/late_accurate,21,grok-4.20-0309-non-reasoning,sha256:fbc6a06c6aa2c9f50c81a58059dacf705b16ff25bc53fa4107cf213b385cf2e8,det-v1,1,accepted,1669,87,0.003,0.0023037500,true,false
call-000044,arm8_spec_immediate,dev/f4/s4100014/unreliable,18,grok-4.20-0309-non-reasoning,sha256:a6020310ca4629df34c1d73bff09f680bcfe64dba0666981286ac38987cc8ca6,det-v1,1,,1559,86,1101.079,0.0021637500,false,true
call-000045,arm8_spec_immediate,dev/f4/s4100014/unreliable,18,grok-4.20-0309-non-reasoning,sha256:a6020310ca4629df34c1d73bff09f680bcfe64dba0666981286ac38987cc8ca6,det-v1,1,accepted,1559,86,1101.079,0.0021637500,false,false
call-000046,arm10_spec_eprocess,dev/f4/s4100014/unreliable,18,grok-4.20-0309-non-reasoning,sha256:a6020310ca4629df34c1d73bff09f680bcfe64dba0666981286ac38987cc8ca6,det-v1,1,accepted,1559,86,0.002,0.0021637500,true,false
call-000047,arm12_cth,dev/f4/s4100014/unreliable,18,grok-4.20-0309-non-reasoning,sha256:a6020310ca4629df34c1d73bff09f680bcfe64dba0666981286ac38987cc8ca6,det-v1,1,accepted,1559,86,0.002,0.0021637500,true,false
call-000048,arm12b_cth_llm,dev/f4/s4100014/unreliable,18,grok-4.20-0309-non-reasoning,sha256:a6020310ca4629df34c1d73bff09f680bcfe64dba0666981286ac38987cc8ca6,det-v1,1,accepted,1559,86,0.002,0.0021637500,true,false
call-000049,arm8_spec_immediate,dev/f4/s4100014/no_alert__twin,10,grok-4.20-0309-non-reasoning,sha256:3beb4b0190c2ef822b5f214498739ae0b01add4ea9194bed556db88d438e5965,det-v1,1,,1249,71,1170.346,0.0017387500,false,true
call-000050,arm8_spec_immediate,dev/f4/s4100014/no_alert__twin,10,grok-4.20-0309-non-reasoning,sha256:3beb4b0190c2ef822b5f214498739ae0b01add4ea9194bed556db88d438e5965,det-v1,1,accepted,1249,71,1170.346,0.0017387500,false,false
call-000051,arm10_spec_eprocess,dev/f4/s4100014/no_alert__twin,10,grok-4.20-0309-non-reasoning,sha256:3beb4b0190c2ef822b5f214498739ae0b01add4ea9194bed556db88d438e5965,det-v1,1,accepted,1249,71,0.002,0.0017387500,true,false
call-000052,arm12_cth,dev/f4/s4100014/no_alert__twin,10,grok-4.20-0309-non-reasoning,sha256:3beb4b0190c2ef822b5f214498739ae0b01add4ea9194bed556db88d438e5965,det-v1,1,accepted,1249,71,0.002,0.0017387500,true,false
call-000053,arm12b_cth_llm,dev/f4/s4100014/no_alert__twin,10,grok-4.20-0309-non-reasoning,sha256:3beb4b0190c2ef822b5f214498739ae0b01add4ea9194bed556db88d438e5965,det-v1,1,accepted,1249,71,0.002,0.0017387500,true,false
call-000054,arm8_spec_immediate,cal/f4/s4100015/early_accurate,13,grok-4.20-0309-non-reasoning,sha256:d7e82a72fa687fbc16a8b59b7fb8eed1fc84c9cfb195ff0066b64fd5eab9159f,det-v1,1,,1370,50,986.839,0.0018375000,false,true
call-000055,arm8_spec_immediate,cal/f4/s4100015/early_accurate,13,grok-4.20-0309-non-reasoning,sha256:d7e82a72fa687fbc16a8b59b7fb8eed1fc84c9cfb195ff0066b64fd5eab9159f,det-v1,1,accepted,1370,50,986.839,0.0018375000,false,false
call-000056,arm10_spec_eprocess,cal/f4/s4100015/early_accurate,13,grok-4.20-0309-non-reasoning,sha256:d7e82a72fa687fbc16a8b59b7fb8eed1fc84c9cfb195ff0066b64fd5eab9159f,det-v1,1,accepted,1370,50,0.002,0.0018375000,true,false
call-000057,arm12_cth,cal/f4/s4100015/early_accurate,13,grok-4.20-0309-non-reasoning,sha256:d7e82a72fa687fbc16a8b59b7fb8eed1fc84c9cfb195ff0066b64fd5eab9159f,det-v1,1,accepted,1370,50,0.002,0.0018375000,true,false
call-000058,arm12b_cth_llm,cal/f4/s4100015/early_accurate,13,grok-4.20-0309-non-reasoning,sha256:d7e82a72fa687fbc16a8b59b7fb8eed1fc84c9cfb195ff0066b64fd5eab9159f,det-v1,1,accepted,1370,50,0.002,0.0018375000,true,false
call-000059,arm8_spec_immediate,cal/f4/s4100015/late_accurate,16,grok-4.20-0309-non-reasoning,sha256:dba8a0d7107d4a5d47ac7b0962ab7d04d527b0ab9703cc3d9ee22acf72696d43,det-v1,1,,1484,50,794.205,0.0019800000,false,true
call-000060,arm8_spec_immediate,cal/f4/s4100015/late_accurate,16,grok-4.20-0309-non-reasoning,sha256:dba8a0d7107d4a5d47ac7b0962ab7d04d527b0ab9703cc3d9ee22acf72696d43,det-v1,1,accepted,1484,50,794.205,0.0019800000,false,false
call-000061,arm10_spec_eprocess,cal/f4/s4100015/late_accurate,16,grok-4.20-0309-non-reasoning,sha256:dba8a0d7107d4a5d47ac7b0962ab7d04d527b0ab9703cc3d9ee22acf72696d43,det-v1,1,accepted,1484,50,0.002,0.0019800000,true,false
call-000062,arm12_cth,cal/f4/s4100015/late_accurate,16,grok-4.20-0309-non-reasoning,sha256:dba8a0d7107d4a5d47ac7b0962ab7d04d527b0ab9703cc3d9ee22acf72696d43,det-v1,1,accepted,1484,50,0.002,0.0019800000,true,false
call-000063,arm12b_cth_llm,cal/f4/s4100015/late_accurate,16,grok-4.20-0309-non-reasoning,sha256:dba8a0d7107d4a5d47ac7b0962ab7d04d527b0ab9703cc3d9ee22acf72696d43,det-v1,1,accepted,1484,50,0.004,0.0019800000,true,false
call-000064,arm8_spec_immediate,cal/f4/s4100015/unreliable,13,grok-4.20-0309-non-reasoning,sha256:dd29faa937d2bd25a2fa5383844b9e6c6731c10823d9375618c270206f922e81,det-v1,1,,1370,76,1157.571,0.0019025000,false,true
call-000065,arm8_spec_immediate,cal/f4/s4100015/unreliable,13,grok-4.20-0309-non-reasoning,sha256:dd29faa937d2bd25a2fa5383844b9e6c6731c10823d9375618c270206f922e81,det-v1,1,accepted,1370,76,1157.571,0.0019025000,false,false
call-000066,arm10_spec_eprocess,cal/f4/s4100015/unreliable,13,grok-4.20-0309-non-reasoning,sha256:dd29faa937d2bd25a2fa5383844b9e6c6731c10823d9375618c270206f922e81,det-v1,1,accepted,1370,76,0.002,0.0019025000,true,false
call-000067,arm12_cth,cal/f4/s4100015/unreliable,13,grok-4.20-0309-non-reasoning,sha256:dd29faa937d2bd25a2fa5383844b9e6c6731c10823d9375618c270206f922e81,det-v1,1,accepted,1370,76,0.002,0.0019025000,true,false
call-000068,arm12b_cth_llm,cal/f4/s4100015/unreliable,13,grok-4.20-0309-non-reasoning,sha256:dd29faa937d2bd25a2fa5383844b9e6c6731c10823d9375618c270206f922e81,det-v1,1,accepted,1370,76,0.003,0.0019025000,true,false
call-000069,arm8_spec_immediate,dev/f4/s4100016/early_accurate,16,grok-4.20-0309-non-reasoning,sha256:8ea3aa474dd6f56a16fc273add758789dabbc60dce72425e3544b2a4bb583404,det-v1,1,,1481,88,943.641,0.0020712500,false,true
call-000070,arm8_spec_immediate,dev/f4/s4100016/early_accurate,16,grok-4.20-0309-non-reasoning,sha256:8ea3aa474dd6f56a16fc273add758789dabbc60dce72425e3544b2a4bb583404,det-v1,1,accepted,1481,88,943.641,0.0020712500,false,false
call-000071,arm10_spec_eprocess,dev/f4/s4100016/early_accurate,16,grok-4.20-0309-non-reasoning,sha256:8ea3aa474dd6f56a16fc273add758789dabbc60dce72425e3544b2a4bb583404,det-v1,1,accepted,1481,88,0.002,0.0020712500,true,false
call-000072,arm12_cth,dev/f4/s4100016/early_accurate,16,grok-4.20-0309-non-reasoning,sha256:8ea3aa474dd6f56a16fc273add758789dabbc60dce72425e3544b2a4bb583404,det-v1,1,accepted,1481,88,0.002,0.0020712500,true,false
call-000073,arm12b_cth_llm,dev/f4/s4100016/early_accurate,16,grok-4.20-0309-non-reasoning,sha256:8ea3aa474dd6f56a16fc273add758789dabbc60dce72425e3544b2a4bb583404,det-v1,1,accepted,1481,88,0.002,0.0020712500,true,false
call-000074,arm8_spec_immediate,dev/f4/s4100016/late_accurate,19,grok-4.20-0309-non-reasoning,sha256:52eccd6484d8dcdcc4266005f83d6cf478135b630b65e319d8d70c4e162e884d,det-v1,1,,1595,88,1030.134,0.0022137500,false,true
call-000075,arm8_spec_immediate,dev/f4/s4100016/late_accurate,19,grok-4.20-0309-non-reasoning,sha256:52eccd6484d8dcdcc4266005f83d6cf478135b630b65e319d8d70c4e162e884d,det-v1,1,accepted,1595,88,1030.134,0.0022137500,false,false
call-000076,arm10_spec_eprocess,dev/f4/s4100016/late_accurate,19,grok-4.20-0309-non-reasoning,sha256:52eccd6484d8dcdcc4266005f83d6cf478135b630b65e319d8d70c4e162e884d,det-v1,1,accepted,1595,88,0.002,0.0022137500,true,false
call-000077,arm12_cth,dev/f4/s4100016/late_accurate,19,grok-4.20-0309-non-reasoning,sha256:52eccd6484d8dcdcc4266005f83d6cf478135b630b65e319d8d70c4e162e884d,det-v1,1,accepted,1595,88,0.003,0.0022137500,true,false
call-000078,arm12b_cth_llm,dev/f4/s4100016/late_accurate,19,grok-4.20-0309-non-reasoning,sha256:52eccd6484d8dcdcc4266005f83d6cf478135b630b65e319d8d70c4e162e884d,det-v1,1,accepted,1595,88,0.003,0.0022137500,true,false
call-000079,arm8_spec_immediate,dev/f4/s4100016/unreliable,16,grok-4.20-0309-non-reasoning,sha256:b4833c4b3f227bfa832f59e4452660b754a031827a4f449b43d8255f9a370ab4,det-v1,1,,1483,87,1022.004,0.0020712500,false,true
call-000080,arm8_spec_immediate,dev/f4/s4100016/unreliable,16,grok-4.20-0309-non-reasoning,sha256:b4833c4b3f227bfa832f59e4452660b754a031827a4f449b43d8255f9a370ab4,det-v1,1,accepted,1483,87,1022.004,0.0020712500,false,false
call-000081,arm10_spec_eprocess,dev/f4/s4100016/unreliable,16,grok-4.20-0309-non-reasoning,sha256:b4833c4b3f227bfa832f59e4452660b754a031827a4f449b43d8255f9a370ab4,det-v1,1,accepted,1483,87,0.002,0.0020712500,true,false
call-000082,arm12_cth,dev/f4/s4100016/unreliable,16,grok-4.20-0309-non-reasoning,sha256:b4833c4b3f227bfa832f59e4452660b754a031827a4f449b43d8255f9a370ab4,det-v1,1,accepted,1483,87,0.002,0.0020712500,true,false
call-000083,arm12b_cth_llm,dev/f4/s4100016/unreliable,16,grok-4.20-0309-non-reasoning,sha256:b4833c4b3f227bfa832f59e4452660b754a031827a4f449b43d8255f9a370ab4,det-v1,1,accepted,1483,87,0.003,0.0020712500,true,false
call-000084,arm8_spec_immediate,cal/f4/s4100017/early_accurate,13,grok-4.20-0309-non-reasoning,sha256:702e2f7af03b76ba8a652c93b2c60f5f0b87b5e38e0f41be45570133a1e08ad3,det-v1,1,,1365,76,985.184,0.0018962500,false,true
call-000085,arm8_spec_immediate,cal/f4/s4100017/early_accurate,13,grok-4.20-0309-non-reasoning,sha256:702e2f7af03b76ba8a652c93b2c60f5f0b87b5e38e0f41be45570133a1e08ad3,det-v1,1,accepted,1365,76,985.184,0.0018962500,false,false
call-000086,arm10_spec_eprocess,cal/f4/s4100017/early_accurate,13,grok-4.20-0309-non-reasoning,sha256:702e2f7af03b76ba8a652c93b2c60f5f0b87b5e38e0f41be45570133a1e08ad3,det-v1,1,accepted,1365,76,0.002,0.0018962500,true,false
call-000087,arm12_cth,cal/f4/s4100017/early_accurate,13,grok-4.20-0309-non-reasoning,sha256:702e2f7af03b76ba8a652c93b2c60f5f0b87b5e38e0f41be45570133a1e08ad3,det-v1,1,accepted,1365,76,0.002,0.0018962500,true,false
call-000088,arm12b_cth_llm,cal/f4/s4100017/early_accurate,13,grok-4.20-0309-non-reasoning,sha256:702e2f7af03b76ba8a652c93b2c60f5f0b87b5e38e0f41be45570133a1e08ad3,det-v1,1,accepted,1365,76,0.003,0.0018962500,true,false
call-000089,arm8_spec_immediate,cal/f4/s4100017/late_accurate,16,grok-4.20-0309-non-reasoning,sha256:736176b62d37649d95c77d34cbfcc386ac215df9df89fe08d3bc167e5199c352,det-v1,1,,1479,50,761.911,0.0019737500,false,true
call-000090,arm8_spec_immediate,cal/f4/s4100017/late_accurate,16,grok-4.20-0309-non-reasoning,sha256:736176b62d37649d95c77d34cbfcc386ac215df9df89fe08d3bc167e5199c352,det-v1,1,accepted,1479,50,761.911,0.0019737500,false,false
call-000091,arm10_spec_eprocess,cal/f4/s4100017/late_accurate,16,grok-4.20-0309-non-reasoning,sha256:736176b62d37649d95c77d34cbfcc386ac215df9df89fe08d3bc167e5199c352,det-v1,1,accepted,1479,50,0.002,0.0019737500,true,false
call-000092,arm12_cth,cal/f4/s4100017/late_accurate,16,grok-4.20-0309-non-reasoning,sha256:736176b62d37649d95c77d34cbfcc386ac215df9df89fe08d3bc167e5199c352,det-v1,1,accepted,1479,50,0.002,0.0019737500,true,false
call-000093,arm12b_cth_llm,cal/f4/s4100017/late_accurate,16,grok-4.20-0309-non-reasoning,sha256:736176b62d37649d95c77d34cbfcc386ac215df9df89fe08d3bc167e5199c352,det-v1,1,accepted,1479,50,0.003,0.0019737500,true,false
call-000094,arm8_spec_immediate,cal/f4/s4100017/unreliable,13,grok-4.20-0309-non-reasoning,sha256:496573308e79cc153d1e85010689757cbb6dcfd1eb29ed8020bffe3b4a52e567,det-v1,1,,1369,113,1178.042,0.0019937500,false,true
call-000095,arm8_spec_immediate,cal/f4/s4100017/unreliable,13,grok-4.20-0309-non-reasoning,sha256:496573308e79cc153d1e85010689757cbb6dcfd1eb29ed8020bffe3b4a52e567,det-v1,1,accepted,1369,113,1178.042,0.0019937500,false,false
call-000096,arm10_spec_eprocess,cal/f4/s4100017/unreliable,13,grok-4.20-0309-non-reasoning,sha256:496573308e79cc153d1e85010689757cbb6dcfd1eb29ed8020bffe3b4a52e567,det-v1,1,accepted,1369,113,0.002,0.0019937500,true,false
call-000097,arm12_cth,cal/f4/s4100017/unreliable,13,grok-4.20-0309-non-reasoning,sha256:496573308e79cc153d1e85010689757cbb6dcfd1eb29ed8020bffe3b4a52e567,det-v1,1,accepted,1369,113,0.001,0.0019937500,true,false
call-000098,arm12b_cth_llm,cal/f4/s4100017/unreliable,13,grok-4.20-0309-non-reasoning,sha256:496573308e79cc153d1e85010689757cbb6dcfd1eb29ed8020bffe3b4a52e567,det-v1,1,accepted,1369,113,0.002,0.0019937500,true,false
call-000099,arm8_spec_immediate,cal/f4/s4100017/no_alert__twin,10,grok-4.20-0309-non-reasoning,sha256:a1d0f9d72558789df726320c452b6275e2b2e67f93f0c4235bf29725b9eae9d0,det-v1,1,,1258,50,882.048,0.0016975000,false,true
call-000100,arm8_spec_immediate,cal/f4/s4100017/no_alert__twin,10,grok-4.20-0309-non-reasoning,sha256:a1d0f9d72558789df726320c452b6275e2b2e67f93f0c4235bf29725b9eae9d0,det-v1,1,accepted,1258,50,882.048,0.0016975000,false,false
call-000101,arm10_spec_eprocess,cal/f4/s4100017/no_alert__twin,10,grok-4.20-0309-non-reasoning,sha256:a1d0f9d72558789df726320c452b6275e2b2e67f93f0c4235bf29725b9eae9d0,det-v1,1,accepted,1258,50,0.002,0.0016975000,true,false
call-000102,arm12_cth,cal/f4/s4100017/no_alert__twin,10,grok-4.20-0309-non-reasoning,sha256:a1d0f9d72558789df726320c452b6275e2b2e67f93f0c4235bf29725b9eae9d0,det-v1,1,accepted,1258,50,0.002,0.0016975000,true,false
call-000103,arm12b_cth_llm,cal/f4/s4100017/no_alert__twin,10,grok-4.20-0309-non-reasoning,sha256:a1d0f9d72558789df726320c452b6275e2b2e67f93f0c4235bf29725b9eae9d0,det-v1,1,accepted,1258,50,0.002,0.0016975000,true,false
call-000104,arm8_spec_immediate,dev/f4/s4100018/early_accurate,18,grok-4.20-0309-non-reasoning,sha256:52b84afd9a05a1c4133baf6382a53434a9751cddcbc08c4c0a9881ecd8325d0e,det-v1,1,,1555,59,813.613,0.0020912500,false,true
call-000105,arm8_spec_immediate,dev/f4/s4100018/early_accurate,18,grok-4.20-0309-non-reasoning,sha256:52b84afd9a05a1c4133baf6382a53434a9751cddcbc08c4c0a9881ecd8325d0e,det-v1,1,accepted,1555,59,813.613,0.0020912500,false,false
call-000106,arm10_spec_eprocess,dev/f4/s4100018/early_accurate,18,grok-4.20-0309-non-reasoning,sha256:52b84afd9a05a1c4133baf6382a53434a9751cddcbc08c4c0a9881ecd8325d0e,det-v1,1,accepted,1555,59,0.002,0.0020912500,true,false
call-000107,arm12_cth,dev/f4/s4100018/early_accurate,18,grok-4.20-0309-non-reasoning,sha256:52b84afd9a05a1c4133baf6382a53434a9751cddcbc08c4c0a9881ecd8325d0e,det-v1,1,accepted,1555,59,0.002,0.0020912500,true,false
call-000108,arm12b_cth_llm,dev/f4/s4100018/early_accurate,18,grok-4.20-0309-non-reasoning,sha256:52b84afd9a05a1c4133baf6382a53434a9751cddcbc08c4c0a9881ecd8325d0e,det-v1,1,accepted,1555,59,0.002,0.0020912500,true,false
call-000109,arm8_spec_immediate,dev/f4/s4100018/late_accurate,21,grok-4.20-0309-non-reasoning,sha256:4be7cfad8baf4779712dc4d7291f45a1d5818b4363601bab7d3668f4dd9e8b77,det-v1,1,,1669,60,880.914,0.0022362500,false,true
call-000110,arm8_spec_immediate,dev/f4/s4100018/late_accurate,21,grok-4.20-0309-non-reasoning,sha256:4be7cfad8baf4779712dc4d7291f45a1d5818b4363601bab7d3668f4dd9e8b77,det-v1,1,accepted,1669,60,880.914,0.0022362500,false,false
call-000111,arm10_spec_eprocess,dev/f4/s4100018/late_accurate,21,grok-4.20-0309-non-reasoning,sha256:4be7cfad8baf4779712dc4d7291f45a1d5818b4363601bab7d3668f4dd9e8b77,det-v1,1,accepted,1669,60,0.002,0.0022362500,true,false
call-000112,arm12_cth,dev/f4/s4100018/late_accurate,21,grok-4.20-0309-non-reasoning,sha256:4be7cfad8baf4779712dc4d7291f45a1d5818b4363601bab7d3668f4dd9e8b77,det-v1,1,accepted,1669,60,0.002,0.0022362500,true,false
call-000113,arm12b_cth_llm,dev/f4/s4100018/late_accurate,21,grok-4.20-0309-non-reasoning,sha256:4be7cfad8baf4779712dc4d7291f45a1d5818b4363601bab7d3668f4dd9e8b77,det-v1,1,accepted,1669,60,0.002,0.0022362500,true,false
call-000114,arm8_spec_immediate,dev/f4/s4100018/unreliable,18,grok-4.20-0309-non-reasoning,sha256:1bfbc7134edb360bdbee9667c067e3fc101d5f912711fb3ef54eeb33476d8fd6,det-v1,1,,1545,50,821.057,0.0020562500,false,true
call-000115,arm8_spec_immediate,dev/f4/s4100018/unreliable,18,grok-4.20-0309-non-reasoning,sha256:1bfbc7134edb360bdbee9667c067e3fc101d5f912711fb3ef54eeb33476d8fd6,det-v1,1,accepted,1545,50,821.057,0.0020562500,false,false
call-000116,arm10_spec_eprocess,dev/f4/s4100018/unreliable,18,grok-4.20-0309-non-reasoning,sha256:1bfbc7134edb360bdbee9667c067e3fc101d5f912711fb3ef54eeb33476d8fd6,det-v1,1,accepted,1545,50,0.002,0.0020562500,true,false
call-000117,arm12_cth,dev/f4/s4100018/unreliable,18,grok-4.20-0309-non-reasoning,sha256:1bfbc7134edb360bdbee9667c067e3fc101d5f912711fb3ef54eeb33476d8fd6,det-v1,1,accepted,1545,50,0.002,0.0020562500,true,false
call-000118,arm12b_cth_llm,dev/f4/s4100018/unreliable,18,grok-4.20-0309-non-reasoning,sha256:1bfbc7134edb360bdbee9667c067e3fc101d5f912711fb3ef54eeb33476d8fd6,det-v1,1,accepted,1545,50,0.003,0.0020562500,true,false
call-000119,arm8_spec_immediate,dev/f4/s4100018/no_alert__twin,10,grok-4.20-0309-non-reasoning,sha256:c2b4744b55f3f8c2e8bf62b6ad407966b4772ef2ac6a05db0b46db7ba0a661e5,det-v1,1,,1255,63,894.978,0.0017262500,false,true
call-000120,arm8_spec_immediate,dev/f4/s4100018/no_alert__twin,10,grok-4.20-0309-non-reasoning,sha256:c2b4744b55f3f8c2e8bf62b6ad407966b4772ef2ac6a05db0b46db7ba0a661e5,det-v1,1,accepted,1255,63,894.978,0.0017262500,false,false
call-000121,arm10_spec_eprocess,dev/f4/s4100018/no_alert__twin,10,grok-4.20-0309-non-reasoning,sha256:c2b4744b55f3f8c2e8bf62b6ad407966b4772ef2ac6a05db0b46db7ba0a661e5,det-v1,1,accepted,1255,63,0.001,0.0017262500,true,false
call-000122,arm12_cth,dev/f4/s4100018/no_alert__twin,10,grok-4.20-0309-non-reasoning,sha256:c2b4744b55f3f8c2e8bf62b6ad407966b4772ef2ac6a05db0b46db7ba0a661e5,det-v1,1,accepted,1255,63,0.002,0.0017262500,true,false
call-000123,arm12b_cth_llm,dev/f4/s4100018/no_alert__twin,10,grok-4.20-0309-non-reasoning,sha256:c2b4744b55f3f8c2e8bf62b6ad407966b4772ef2ac6a05db0b46db7ba0a661e5,det-v1,1,accepted,1255,63,0.003,0.0017262500,true,false
call-000124,arm8_spec_immediate,cal/f4/s4100019/no_alert,23,grok-4.20-0309-non-reasoning,sha256:960a71868df721f57a28b5e9b5888ed649ab8c3d9d84e34142f2195268a4d55a,det-v1,1,,1709,66,957.347,0.0023012500,false,true
call-000125,arm8_spec_immediate,cal/f4/s4100019/no_alert,23,grok-4.20-0309-non-reasoning,sha256:960a71868df721f57a28b5e9b5888ed649ab8c3d9d84e34142f2195268a4d55a,det-v1,1,accepted,1709,66,957.347,0.0023012500,false,false
call-000126,arm10_spec_eprocess,cal/f4/s4100019/no_alert,23,grok-4.20-0309-non-reasoning,sha256:960a71868df721f57a28b5e9b5888ed649ab8c3d9d84e34142f2195268a4d55a,det-v1,1,accepted,1709,66,0.002,0.0023012500,true,false
call-000127,arm12_cth,cal/f4/s4100019/no_alert,23,grok-4.20-0309-non-reasoning,sha256:960a71868df721f57a28b5e9b5888ed649ab8c3d9d84e34142f2195268a4d55a,det-v1,1,accepted,1709,66,0.001,0.0023012500,true,false
call-000128,arm12b_cth_llm,cal/f4/s4100019/no_alert,23,grok-4.20-0309-non-reasoning,sha256:960a71868df721f57a28b5e9b5888ed649ab8c3d9d84e34142f2195268a4d55a,det-v1,1,accepted,1709,66,0.002,0.0023012500,true,false
call-000129,arm8_spec_immediate,cal/f4/s4100019/early_accurate,17,grok-4.20-0309-non-reasoning,sha256:53fa682d4cd2a536155fc76b8cf2e6153af5e14cbaa96c1e6e26f4d724a16527,det-v1,1,,1519,87,1053.493,0.0021162500,false,true
call-000130,arm8_spec_immediate,cal/f4/s4100019/early_accurate,17,grok-4.20-0309-non-reasoning,sha256:53fa682d4cd2a536155fc76b8cf2e6153af5e14cbaa96c1e6e26f4d724a16527,det-v1,1,accepted,1519,87,1053.493,0.0021162500,false,false
call-000131,arm8_spec_immediate,cal/f4/s4100019/early_accurate,23,grok-4.20-0309-non-reasoning,sha256:e90f92545191293ccda042ace914cd4e1757a911b9162f5c5b53d65d4f4d270d,det-v1,1,,1747,89,1525.128,0.0024062500,false,true
call-000132,arm8_spec_immediate,cal/f4/s4100019/early_accurate,23,grok-4.20-0309-non-reasoning,sha256:e90f92545191293ccda042ace914cd4e1757a911b9162f5c5b53d65d4f4d270d,det-v1,1,accepted,1747,89,1525.128,0.0024062500,false,false
call-000133,arm10_spec_eprocess,cal/f4/s4100019/early_accurate,17,grok-4.20-0309-non-reasoning,sha256:53fa682d4cd2a536155fc76b8cf2e6153af5e14cbaa96c1e6e26f4d724a16527,det-v1,1,accepted,1519,87,0.002,0.0021162500,true,false
call-000134,arm10_spec_eprocess,cal/f4/s4100019/early_accurate,23,grok-4.20-0309-non-reasoning,sha256:9a56b4afc87c382e293589fbabb20fb347120a3c4b6609e4e488836890519f21,det-v1,1,,1747,60,977.900,0.0023337500,false,true
call-000135,arm10_spec_eprocess,cal/f4/s4100019/early_accurate,23,grok-4.20-0309-non-reasoning,sha256:9a56b4afc87c382e293589fbabb20fb347120a3c4b6609e4e488836890519f21,det-v1,1,accepted,1747,60,977.900,0.0023337500,false,false
call-000136,arm12_cth,cal/f4/s4100019/early_accurate,17,grok-4.20-0309-non-reasoning,sha256:53fa682d4cd2a536155fc76b8cf2e6153af5e14cbaa96c1e6e26f4d724a16527,det-v1,1,accepted,1519,87,0.003,0.0021162500,true,false
call-000137,arm12_cth,cal/f4/s4100019/early_accurate,23,grok-4.20-0309-non-reasoning,sha256:0dd9ef037a6254e0f73ddd765ee7bd547134e7e071b6f641fd881efcb19e3f29,det-v1,1,,1747,60,1146.142,0.0023337500,false,true
call-000138,arm12_cth,cal/f4/s4100019/early_accurate,23,grok-4.20-0309-non-reasoning,sha256:0dd9ef037a6254e0f73ddd765ee7bd547134e7e071b6f641fd881efcb19e3f29,det-v1,1,accepted,1747,60,1146.142,0.0023337500,false,false
call-000139,arm12b_cth_llm,cal/f4/s4100019/early_accurate,17,grok-4.20-0309-non-reasoning,sha256:53fa682d4cd2a536155fc76b8cf2e6153af5e14cbaa96c1e6e26f4d724a16527,det-v1,1,accepted,1519,87,0.003,0.0021162500,true,false
call-000140,arm12b_cth_llm,cal/f4/s4100019/early_accurate,23,grok-4.20-0309-non-reasoning,sha256:7fe0f1308da6a870bfe01e5633006a7f52d3fac39adba3730279edfc35941672,det-v1,1,,1747,60,980.399,0.0023337500,false,true
call-000141,arm12b_cth_llm,cal/f4/s4100019/early_accurate,23,grok-4.20-0309-non-reasoning,sha256:7fe0f1308da6a870bfe01e5633006a7f52d3fac39adba3730279edfc35941672,det-v1,1,accepted,1747,60,980.399,0.0023337500,false,false
call-000142,arm8_spec_immediate,cal/f4/s4100019/late_accurate,20,grok-4.20-0309-non-reasoning,sha256:165498788fcae6d719160a7e372402fff9c0e9999b80b65d41e356a2cd99236c,det-v1,1,,1633,59,887.056,0.0021887500,false,true
call-000143,arm8_spec_immediate,cal/f4/s4100019/late_accurate,20,grok-4.20-0309-non-reasoning,sha256:165498788fcae6d719160a7e372402fff9c0e9999b80b65d41e356a2cd99236c,det-v1,1,accepted,1633,59,887.056,0.0021887500,false,false
call-000144,arm10_spec_eprocess,cal/f4/s4100019/late_accurate,20,grok-4.20-0309-non-reasoning,sha256:165498788fcae6d719160a7e372402fff9c0e9999b80b65d41e356a2cd99236c,det-v1,1,accepted,1633,59,0.002,0.0021887500,true,false
call-000145,arm12_cth,cal/f4/s4100019/late_accurate,20,grok-4.20-0309-non-reasoning,sha256:165498788fcae6d719160a7e372402fff9c0e9999b80b65d41e356a2cd99236c,det-v1,1,accepted,1633,59,0.002,0.0021887500,true,false
call-000146,arm12b_cth_llm,cal/f4/s4100019/late_accurate,20,grok-4.20-0309-non-reasoning,sha256:165498788fcae6d719160a7e372402fff9c0e9999b80b65d41e356a2cd99236c,det-v1,1,accepted,1633,59,0.003,0.0021887500,true,false
call-000147,arm8_spec_immediate,cal/f4/s4100019/unreliable,17,grok-4.20-0309-non-reasoning,sha256:ffbc87fb0606d511f5e9f2d033f6a1387f438b6420a5ab7041f9560d3d7dcb13,det-v1,1,,1520,88,1741.563,0.0021200000,false,true
call-000148,arm8_spec_immediate,cal/f4/s4100019/unreliable,17,grok-4.20-0309-non-reasoning,sha256:ffbc87fb0606d511f5e9f2d033f6a1387f438b6420a5ab7041f9560d3d7dcb13,det-v1,1,accepted,1520,88,1741.563,0.0021200000,false,false
call-000149,arm8_spec_immediate,cal/f4/s4100019/unreliable,23,grok-4.20-0309-non-reasoning,sha256:687fb1d287d2842bd03660374f45834e4365ecdd291a65bc5235a6141bfd2b65,det-v1,1,,1748,84,1006.966,0.0023950000,false,true
call-000150,arm8_spec_immediate,cal/f4/s4100019/unreliable,23,grok-4.20-0309-non-reasoning,sha256:687fb1d287d2842bd03660374f45834e4365ecdd291a65bc5235a6141bfd2b65,det-v1,1,accepted,1748,84,1006.966,0.0023950000,false,false
call-000151,arm10_spec_eprocess,cal/f4/s4100019/unreliable,17,grok-4.20-0309-non-reasoning,sha256:ffbc87fb0606d511f5e9f2d033f6a1387f438b6420a5ab7041f9560d3d7dcb13,det-v1,1,accepted,1520,88,0.002,0.0021200000,true,false
call-000152,arm10_spec_eprocess,cal/f4/s4100019/unreliable,23,grok-4.20-0309-non-reasoning,sha256:9963d5879ed3431a870e7489084cea26e3978f5fd6f1616314d60bf1b8915bdb,det-v1,1,,1748,73,1054.603,0.0023675000,false,true
call-000153,arm10_spec_eprocess,cal/f4/s4100019/unreliable,23,grok-4.20-0309-non-reasoning,sha256:9963d5879ed3431a870e7489084cea26e3978f5fd6f1616314d60bf1b8915bdb,det-v1,1,accepted,1748,73,1054.603,0.0023675000,false,false
call-000154,arm12_cth,cal/f4/s4100019/unreliable,17,grok-4.20-0309-non-reasoning,sha256:ffbc87fb0606d511f5e9f2d033f6a1387f438b6420a5ab7041f9560d3d7dcb13,det-v1,1,accepted,1520,88,0.002,0.0021200000,true,false
call-000155,arm12_cth,cal/f4/s4100019/unreliable,23,grok-4.20-0309-non-reasoning,sha256:f4a5dfb0d413782a27a9b0d904123c0a57a7efb8c5c439145b6bae9d83476cea,det-v1,1,,1748,73,992.152,0.0023675000,false,true
call-000156,arm12_cth,cal/f4/s4100019/unreliable,23,grok-4.20-0309-non-reasoning,sha256:f4a5dfb0d413782a27a9b0d904123c0a57a7efb8c5c439145b6bae9d83476cea,det-v1,1,accepted,1748,73,992.152,0.0023675000,false,false
call-000157,arm12b_cth_llm,cal/f4/s4100019/unreliable,17,grok-4.20-0309-non-reasoning,sha256:ffbc87fb0606d511f5e9f2d033f6a1387f438b6420a5ab7041f9560d3d7dcb13,det-v1,1,accepted,1520,88,0.004,0.0021200000,true,false
call-000158,arm12b_cth_llm,cal/f4/s4100019/unreliable,23,grok-4.20-0309-non-reasoning,sha256:f295b1624312919573b7fb23580f5a994535d6ed8846ebf97c7ded2cabbea219,det-v1,1,,1748,85,1059.487,0.0023975000,false,true
call-000159,arm12b_cth_llm,cal/f4/s4100019/unreliable,23,grok-4.20-0309-non-reasoning,sha256:f295b1624312919573b7fb23580f5a994535d6ed8846ebf97c7ded2cabbea219,det-v1,1,accepted,1748,85,1059.487,0.0023975000,false,false
call-000160,arm8_spec_immediate,cal/f4/s4100019/no_alert__twin,23,grok-4.20-0309-non-reasoning,sha256:33c54f116c3dd633da3c8221d7d87e80e6c07dfc99eaa63c2f20ccde5f607e2c,det-v1,1,,1709,66,942.942,0.0023012500,false,true
call-000161,arm8_spec_immediate,cal/f4/s4100019/no_alert__twin,23,grok-4.20-0309-non-reasoning,sha256:33c54f116c3dd633da3c8221d7d87e80e6c07dfc99eaa63c2f20ccde5f607e2c,det-v1,1,accepted,1709,66,942.942,0.0023012500,false,false
call-000162,arm10_spec_eprocess,cal/f4/s4100019/no_alert__twin,23,grok-4.20-0309-non-reasoning,sha256:33c54f116c3dd633da3c8221d7d87e80e6c07dfc99eaa63c2f20ccde5f607e2c,det-v1,1,accepted,1709,66,0.002,0.0023012500,true,false
call-000163,arm12_cth,cal/f4/s4100019/no_alert__twin,23,grok-4.20-0309-non-reasoning,sha256:33c54f116c3dd633da3c8221d7d87e80e6c07dfc99eaa63c2f20ccde5f607e2c,det-v1,1,accepted,1709,66,0.002,0.0023012500,true,false
call-000164,arm12b_cth_llm,cal/f4/s4100019/no_alert__twin,23,grok-4.20-0309-non-reasoning,sha256:33c54f116c3dd633da3c8221d7d87e80e6c07dfc99eaa63c2f20ccde5f607e2c,det-v1,1,accepted,1709,66,0.001,0.0023012500,true,false
