69b1588	[COMMIT]
ShockSpec	[OTHER-PAPER-TERM]
UV	[OTHER-PAPER]
UV 2026	[OTHER-PAPER]
alert bank	[OTHER-PAPER-TERM]
analysis/commitment/	[PATH]
analysis/commitment/endpoints.py	[PATH]
analysis/real_content_pilot/transport.py	[PATH]
cab9b62	[COMMIT]
certify-then-hedge	[OTHER-PAPER-TERM]
coling-f1	[TAG]
coling-registration	[TAG]
collie	[REPOSITORY]
collie-research-fetch/0.1 (academic research; polite, cached)	[AGENT-STRING]
collie/data/alerts/templates/test.yaml	[PATH]
commitment study	[OTHER-PAPER-TERM]
content-free	[OTHER-PAPER-TERM]
due 15 October	[OTHER-PAPER-DATE]
e-process	[OTHER-PAPER-TERM]
exposure bound	[OTHER-PAPER-TERM]
gate-1	[TAG]
ladder	[OTHER-PAPER-TERM]
synthetic alert	[OTHER-PAPER-TERM]
