file,timestamp,bytes,sha256
20191020223457.csv,20191020223457,716934,ed05900b37c9ea429cce3da6dc7f6d0024a1e1f59e9d54c9d29f718c5d214467
20191229133343.csv,20191229133343,734988,00d69feff264b10bfa5c598f4fe5a6750f0dfebb594175bf39ed9ade30f2ea69
20200402141259.csv,20200402141259,745732,bfce65ed504b0f912fa7906f2cf09206ea10fd1e39a2e0bf4d5df4de69785ff4
20200612221316.csv,20200612221316,875612,ab65c5973f6a438d15b6387ed81ef1dedffba5ca21e68db84bc14e2dc82ed5e3
20200708223130.csv,20200708223130,877333,176a970cba93191b4b6191dd40019fa15d4034014f60fdd2c693a0242dfcd98b
20200715070433.csv,20200715070433,879557,9edf1510e03751cca2810a16d34cf595748071bd53de4b9f1284d20596299542
20200815030018.csv,20200815030018,892809,7d08266d0420c0ee3e1193b0e89d4e5a7314353a1779fab4537274a99f01d611
20200824135454.csv,20200824135454,890720,fdf953de62141f613b854c07b197306147c7f7e40debfb360b1aac7ff3de0e14
20200915015918.csv,20200915015918,895861,ccab5d4e9d6f09d1b8efd60ae67d775d37031e46f53c7eb98fcfaa2e9e52b9b9
20200927124226.csv,20200927124226,897703,0266fb40f2077bbba26cd7e72ddb525496e75939154522f9cbe56d0e070b1c17
20200930052515.csv,20200930052515,899951,74c429908dd69eea4faa3215d58bae0289d7ed17e0b861c20d722f22f03c6eb4
20201011200247.csv,20201011200247,900104,5055b8de536478fd7245de0d8aff62d00d1ef012cc3855bafcb574a76eac94ae
20201017153840.csv,20201017153840,899830,6a3a6313c14ef3b904543979da3afa0f00bf0c8cb2b530b2560ebe7448497d11
20201026031128.csv,20201026031128,903555,fd16ce46bdc262af5c24a56ad4783bbb09e3d79280ec50b35c1f8ade39e77207
20201030022459.csv,20201030022459,905454,62958320570c2b3edced0ba1d858826bb9f9f5ad8e0b975e1e01c6685186d91c
20201030172525.csv,20201030172525,905440,80849cac65654b3f69824cbcdff967153592ed96a95f1137a9c9a728271b8c77
20201110180625.csv,20201110180625,909060,f036d243a2557196f2e0990bce84e45bfed29437c1b80b6fd95b874ef9bf1caf
20201119182835.csv,20201119182835,911227,08064fd8b5707e5a13afde625c4094922d29ed417b6435fc5a3baaee7a4d35b6
20201121013542.csv,20201121013542,911270,b958d8a9832d2f9b23328316481823e8c27a220a6800d363e3142947b4ff7a54
20210117172441.csv,20210117172441,675812,729f8bc25525b3798f3fb395a70e0b198ee2765f58874c6eccad2beb09fae75f
20210318220545.csv,20210318220545,691047,7fbeb95b76404a1b5a7dadf800dcb9f09a16a0ce5daadff9fe4fc85c68ca6864
20210412231811.csv,20210412231811,702583,2f38f33e12ea65c7fd23207c4a34b089a8fecf520c73d38a594d9cddded365d1
20210512154440.csv,20210512154440,706524,b2ca7f208434aaa7779c81f49553ba789f21891668fa749f1701599ea4c026c7
20210521181651.csv,20210521181651,708441,438a0ac2c64eef1f3920e0ffbb33f4040505c337a686928dac37774c02d27e14
20210802225733.csv,20210802225733,729974,6f8a082dfdac7185c10b065d1511a734e656a52b8468902e357f4365366d7623
20210827175452.csv,20210827175452,617829,54201d6abd91850c7ab909ecf28eedc6ce15dbd14d9d05998cc028e3858e9558
20211006104425.csv,20211006104425,632140,ed4ed5b7b46fd9b1040d755f797bf8bf7c4c1c98aa52c3a991eff183ef1e2e52
20211020020022.csv,20211020020022,635342,3741e9723699e240ad3fbb8ac0844507e13a80ef20f28768d8783569666970db
20211130013632.csv,20211130013632,654353,299b2fee506d3e84e63643cb86a86c45b93100e914b8f058e1ac23b147d75959
20221004081320.csv,20221004081320,707515,6cd785114bce8d1eb903733dfa17d662db872934638d42329132c89a181d4419
20221006172748.csv,20221006172748,709517,64de99a4e30aae75652bd98464d522fb30f95f754b87be79250f1c1ed2cc3cfe
20230113175930.csv,20230113175930,758588,3a610132607ab4382118b14d6f6175150461cb3a4afe7948006f51bd888cf4e7
20230127014503.csv,20230127014503,761074,ecdb5c52050df81b6f1792815e25f233c4257398500cd4b8c54ccf9c2d37cca3
20230302122414.csv,20230302122414,791358,8b81a7be66b731c6629e1f5c8c2e047e1356a585f0b3c349a702b9f1afe3f64e
20230325083656.csv,20230325083656,826519,158f85c894d5c33aaa3b948ac552d829aa7e8a0bd2c35309c1822501cc588dd6
20230328034327.csv,20230328034327,830074,489795fc5bf24913c0e74e4e3088b1784c5e11e7042eb77a7becbf5d6a222a14
20230514144504.csv,20230514144504,855958,711a9551667ab08e6d2e8ca87a3e192ad0e229ab89b24e686239082ace76b16d
20231114132359.csv,20231114132359,638113,6fb16028d4c8ec98741ff603cd64f5dce99658a8301141c2039b0a20c305131b
20231207131346.csv,20231207131346,641509,8fc388e10d78eafc63bc855edf44170b8a8e58f45e2ff7b7dc68939c56b9f583
20231221203447.csv,20231221203447,638729,54e9f707e76195690b410f63467934fb6deba83e04d200d47a26f21e0bc18332
20240112120713.csv,20240112120713,633465,54203e3323be959fd70a5a68bd5110b360d21d647833a8d8460229bb4c996bce
20240116152001.csv,20240116152001,635033,e38237f2504fab97cb0bc6702aa39e0c9d34b4a534b512fe6f67621304dbdc23
20240124124141.csv,20240124124141,632446,c42f40c41b0990c5ecf08f14779baf6e535015761f435ddf9a46e66c56ce99e1
20240205140119.csv,20240205140119,632261,83c81620361d1b91c31318a71c54465f41d68e94c40a6d957e7a180437bfe68f
20240228154547.csv,20240228154547,615415,1fc95337593cbd85e345a6baf58a8e2ffd630297b5c29543a94f86334982253e
20240301121510.csv,20240301121510,618016,76af5698ddc8fdb663719389e6ea09dea2d641dab77498d3496f07c626ee7402
20240328112646.csv,20240328112646,612935,982a8d99fcf3e92554f96e35834cfc2752734db737919593ae8a0d5330838700
20240403114611.csv,20240403114611,614489,f35cf84ab2c183a1ad769b5378effab5e8b8f7440b947abacebd4927a2d613c5
20240408005731.csv,20240408005731,612851,156cdcb8a641cda076f7e607ee3484d3bac48b4c4db11ffaad3ad3a28b603a6a
20240409021019.csv,20240409021019,613686,f296ff244687480db4398e824f54af03ae7a93ee61dea5601a61acb92033f6bb
20240507160447.csv,20240507160447,616792,f132e0ef2e59ce42b3d567e667c1b7d73a6f9dbf46dea00aa94d3c0b21c446bb
20240515141942.csv,20240515141942,613912,01dd746a6739cb26681496cf39e66873aa757b9e78ba58e0580fdd039d961e19
20240608002130.csv,20240608002130,604303,8f1d88a1a0cf6d2866c5a4fc0f4b6d8234eae2dc95108539ef8decc8cfa23455
20240612153922.csv,20240612153922,605029,474836529c45201678ed9aba29efc697d829452786bf267a143a719c63508e79
20240716214442.csv,20240716214442,596660,835e5b30b247cdf4ec640e1ee4cf119d91d2f33ad42149147f33babb6e7c10c8
20240718090200.csv,20240718090200,597395,84ffef877e9be33f52dd851069bddd274287224d065927e13970d7cbbfc89dbe
20240929090309.csv,20240929090309,587665,71cbdd56bb849ea276792a3f91c3922b605d413a1145015eaf266cbbb638198d
20241102125321.csv,20241102125321,603730,f0f4accb4b491f2d21bf9e4b63d9884e10bc3d783d6a2693342911723aeb5040
20241125154116.csv,20241125154116,591081,0c4d035bb7ef05e692591ff6fddb00af9dce6b3f9a29a096985d015682af719e
20241201134458.csv,20241201134458,586803,24f6bc22c5f5150485833768c919ad10fa426611d149a9912ec81886cbbbf850
20250108084621.csv,20250108084621,592676,87de2175a337b15a5beee81ed2ab5c9d58584ca81f5d8f9a7ebedd37fa86ac5e
20250117164601.csv,20250117164601,604023,38e15c4e210e3fb296300252f9584a2b33284f1f4f0689df0753c4751d8fd6b8
20250202072325.csv,20250202072325,608999,b8e59a419ca0ceaf657ce47c1413f042d23d86c7c7f95055aacf31b83c0aaa7e
20250205172954.csv,20250205172954,606283,dc817f6262ef14d186e7b0b2bc50ad7107619658006f65450b089f5304c73cbb
20250211143238.csv,20250211143238,611561,ee4b4c0b7875c1e43879be508fe4699e33c98b11da7b4d184aeb4ecdd881cef1
20250220045101.csv,20250220045101,614121,3fd5892e02e64dd1696cc8198994847bcbc0b189e51f7e88af040655cdefb91d
20250221184104.csv,20250221184104,615868,5c55df6dac8a604ca514fb269448a7ed936bc9d81cf1a2068fcbf87499cb35b1
20250226160306.csv,20250226160306,607698,7a6efa8413fbcc6d593fecc2c13314cb4f8e2f96c8401b52292a9a281ae8a821
20250317042942.csv,20250317042942,616367,351cfa33700658fa743237e691afeeeb07bd93dac1c3bfb0974178438827559d
20250318150416.csv,20250318150416,617603,1ba023ad0434397284435c5b8761f8925d7b7a194855d3e4f24df51cb3923e2b
20250608003122.csv,20250608003122,610294,4a0eefd54fc38dbd0a98fcbf2d39310db32a69325aa85d2bbac75edde70c23cc
20250611121721.csv,20250611121721,618039,230d2269b14e88a8fec2063b941e32ee10baea47be0b70afe22f038f83d3bd17
20250703062424.csv,20250703062424,621016,d4ddc9e131c4423fd3d2b545dd7e8e7176826f170f1b15c037567a028f989612
20250803065017.csv,20250803065017,631310,5f33eed4193043c573fe961b841c812ae70d6f2b536319dbbf643e6f01b79fc7
20251209213305.csv,20251209213305,609381,1bf565927686bfcf90a7cb280e70eaf4c7fbd3f4c65468c9cc74fa4e8ea7dc86
20251216230527.csv,20251216230527,610572,c2a3755246da74eb4e6cbb27d6897a7f8995d8f89c04ee089fcea2a09603a54c
20260114161309.csv,20260114161309,596806,b2ab2cdf1eda08a218e5eed30a4073116aa575fce8f27b5d5700fc8c9c1f06f4
20260120155945.csv,20260120155945,594921,e3295b09595f9f5d996c318b0b07c996b0975d7b0558f25957bb776a1e3af1b7
20260121110301.csv,20260121110301,595231,189e291f0736ffe41505ae4cd39d3832d170f704d5a6c12635cfc3f07e623ca3
20260212113624.csv,20260212113624,557499,9a79d0067d8970baae8551d397e863f707189a587f8097badc179475ea4116a3
20260224103932.csv,20260224103932,554694,86fbbbba834bfc5adabf31e6875568a4034684ec18032215d0b4469fe081d9f5
20260302070803.csv,20260302070803,552990,ba31d6f1cca6998756ee800fded7048d9bde83450446fba345e8d31f037bfe1e
20260316034037.csv,20260316034037,544317,f8c82476f15551ffe6d0eaea00a490d15e626edf128825fe09741b529bb21070
20260323070704.csv,20260323070704,541736,e48b02068440e24b447f3f74ece49cfacfda51f9a110def79c636b442b6b9d30
20260330070727.csv,20260330070727,549284,186def0f708e68921a4da73f1941db3774d408be8f5e216640e054875796bf77
20260406071200.csv,20260406071200,545252,abb868c19da62f848f6bcb3b4501ebfdcfb75fc6b9e21cf8d349eba0dac9f855
20260413071009.csv,20260413071009,545356,ef1cc8d429dd03d97a6d49c302992eb167f073b9c078558af391c3d7bb6dc9a6
20260420071014.csv,20260420071014,546845,af76ccd05a65faa343487313e96a01beec0dd5bd11babf1508ef541b406132c3
20260427070722.csv,20260427070722,543276,1c7babbf3f236da32cebee8a45013b27764b9544aa93198b452b31394d5f308b
20260504070703.csv,20260504070703,537881,0ae50db34331b925641b08b74398a7eeff7a65dea082916b603e76bb1cdbcb4b
20260511071651.csv,20260511071651,548189,3e1bd0a651df05444acf6831d4700c02e9d6d23a5cb2947fc4347f530c2ce024
20260518070819.csv,20260518070819,548359,b3bdca68429bc38265b7d417da619bccc58ec07e4fcf96b5525d9135121765c4
20260525074420.csv,20260525074420,544583,ec440a857e938b3404dd9627de6a47dcfd8ea301e4805d326121fbadd50fd642
20260601070801.csv,20260601070801,543949,71cc5415e2859c59e0137225697721afacf50c7c8d4cc4ee573e9383b6fb0ce9
20260608082654.csv,20260608082654,546406,8d2c425212703bfe45157365735041aa17101a36e207f3f32470e784da0cd1dd
20260615070712.csv,20260615070712,536345,923327d4760fd65907b65904f03770c7ee27319d2cd5b60f16ade3ac16d5766f
20260622070717.csv,20260622070717,535083,c39ef6c71d26106ed359174694082f6f3a8b466b76b3341f3f95aa76988a796f
20260629070703.csv,20260629070703,533101,2c961b545c6028b08c93ab01b22851f563c50cdd4ffc132c1135d3bba0d726fe
20260706070913.csv,20260706070913,537337,b971947a119ed691addc76cd0d37b6c44b4515a197e137054351f9a923186d28
20260713071010.csv,20260713071010,530994,022bb499ff40eba87ceb4d2808aca66c72de384cabe0bfa5f70a3b4547b7d286
20260720070705.csv,20260720070705,530828,d4ddb2f042cf2e4691360fe27687a506922262692d354601833d023cda33eabc
20260916234041.csv,20260916234041,527222,580a48e1d0e8a366723cb1baae1b67c47242996825459085555c269a65944a7c
20260918234150.csv,20260918234150,525903,b1a179c1420543d69e76e5d2c97e3940b69ccfadfa2f4b5676b0c3980735e5b8
20260920234246.csv,20260920234246,524732,c918934305eed0a3d6ef6d7420ada78b533b939af408faf1e8916675f36ffcbf
20260921234340.csv,20260921234340,525255,faf1121321ef7b4d594e35a8ff9bd77f0913b766e02688a70058d7d540d4f40d
20260922234249.csv,20260922234249,525258,e83ae666e3f8b80b447cbb209a433b7ecacf7522f754b66d5a7bdfa9fce2b4a9
20260923234423.csv,20260923234423,525368,b5bb384687e389c52ccadd51c841356d25b47942bfa632a1a0c2129b0e1b10df
20260924234241.csv,20260924234241,525386,45ceb8036a0d7c45a3fc1708ccd619cffdb3e5857bdb53f4ee5d007546116fb1
20260925234239.csv,20260925234239,524019,48dc12b51bf10eb7fdb6dc63457963e8bf5e0dea1c5db471a59b0378ddc995a5
20260926234402.csv,20260926234402,523044,7b0b53000291922f53ff44455f83d5f0b9cf270df67c29a104884856efc0493d
