event_id,statement_group_id,thread_id
E6b3781691195,S033cb8c93a7b,T56e12e0a2cea
Ed2dad248e1e2,S09bbb9a7794c,T162d1ff9807c
Eed9f95d91b54,S0dfc6fa7c239,Tac90b05d8d01
E575ca7e40fb3,S14e4da1f071a,Tce404bfdd33f
E48ee0ae36f3e,S1523ad70f549,T96f8243cc08b
Eb647a73e982d,S16e3e574d2d0,Ta659b6086924
Ef274c0fad9fc,S18daf2b9a95e,Tf9a1fd91a217
E385cf6c8ffd7,S1a38bb403c3d,Taa919a978cec
Ecad6381b6ea6,S1d63c9f0a64d,T3018a8afca1a
E9e43890b8155,S1f6b6d355f57,Td46bb94ff3dc
Ec0ca5f60ccd6,S1fccb7b17ad3,T280b91db89c7
E4ebbd215e5f6,S20715475a30c,T11e4d924bd7e
E831e20b68ede,S26eff45aae85,Td24727dbb5b7
E7695d9d43bb2,S2b140078a02f,Tcd946311f281
E1483394edf63,S2cd830abfc2e,Tfe3d5eba9187
Ee0772f054d90,S2f27ef372405,T72dc2c6e2315
E5f51789f4473,S2f69500d8063,Tc9b6d8311b5a
Ea5e293a6acc2,S31695ce6eb0b,T5ad05059e0fd
E69974a5eff69,S3229bc8df834,T9ddb300a8978
Ef48ce7e060e7,S327ce483da80,Tf0e391ecbc7c
E0329dfe9a5e3,S3874086f0522,Ta2f84f083195
E821f199f6785,S3a68a54a031c,Td313726f9544
E14baacae5b81,S3b0a301fa6ef,Te14b1e85cbe6
E45dc18bae0cd,S3cf9f17c1a87,T746cae483107
Ec2b50edd4c2d,S3d2b84ca2293,T07ef4258ddcd
E14a74ce630cf,S3d38825ca675,T0744f9f57be7
E45d768204ab4,S3dc357296965,Tc5e60d54fcb4
E65f241d1cef0,S41931750c2f8,T18c1bf45789a
E0e694ca93a1f,S43eee9f0e476,Ta1571d890561
E7747d4335dc5,S4915a8029a8a,T21758b875d4c
Ebe93e4b8cc25,S4a96a5b32d66,T4590ec19fe28
Eb5841fd3d573,S4f510071de47,T052cfc4c6bfc
Ea8720d5c84f2,S4fb24639f38d,T41b4edb5f0e7
E987491aae609,S500616b067c5,Td01b557054fb
E1c255216aff5,S539de2a91ba5,T3efbdb6e1c4e
Edc048899890b,S54ff205eea7a,Tb63a95a9072f
Ed854aefec7f9,S552e0271ac24,Ta1af74d57207
E6b6e2059b68e,S55be6554ea3d,Tf49214b52ab0
E8279c69fbb82,S55d1ff53a644,T31cfa5ffcb30
Ea0724c6ef104,S5767b39987a4,T704f5003ea21
Ed96f8127ace5,S58bb294dc4be,T5dbc045b4bdd
E228dc86a6295,S59cb61747b85,T913c36ea4a48
Ee9f27c9b5fcc,S61ae324a07eb,T655460187c43
E0dea47c75d94,S63b015d62cb4,T3c039af87a28
Ebd72ba75cb64,S64bf4bbc7b9c,T2080e0dc61f3
E28ee96598dbd,S663cf7682667,T9db98803f39c
E1654b8295462,S67b34087e735,T86f259e5362e
E2b75ff6cdee0,S68365f2024bd,T272987d158d9
E6d6816533f83,S68853bdd6e3f,Ta53671edd04b
E0bd939acd015,S6b3637b88bb4,T280b91db89c7
Eba27285af470,S6c4b89a6dec2,Td288a05adcc7
Ee64f18a10d87,S6e05e436a035,T1b1bd9b64369
E81de530bf981,S6eea5d03a04d,Tc32d2251298b
E6933490627ee,S71807a70424e,Tbd2ef00238a6
Ef2378fbc79e2,S736688e0fd94,T897dd834a299
E9e5716fb3ec7,S76ed0276d8a1,T77266d81ec89
E925bfd2c5064,S7747618982e4,T85cda7414aba
Efa0032db9c44,S7c0885a2c16c,T1c045cf7f5f0
Ef4fec5522e25,S7c1e5e22d358,T2ca10d7645cf
E1b6bc2caf27b,S7cf48d6e0dcc,Td8beb8aa50d6
E157acd14bd59,S7db7ed530458,Tf9a1fd91a217
E19ca34be2ddd,S7df24c128c75,Tb2ba87512eb1
Ee4c6a988d342,S7f8b776200a8,Tc9bab4f496c2
E074d76a1f8e0,S846f6355f72a,T078554e19af7
Ede483490d4b7,S87093fa19931,T6a17b49610ab
Ef5f25f54c298,S8aa47b8f335a,Tb2ba87512eb1
E056ee5947117,S8b0360e88148,Tad3a20123f3d
E93ca6fd90305,S904254d860a7,T3cc1a1de3d3e
E7906aaed082b,S919b3c9decb4,T5c721c1a2425
Eefa225edbe90,S91adb9122f6a,T767697df93fc
E050c61364ff6,S95a340969be3,T272987d158d9
E6dab2861c7bd,S95b83aff093d,T059d67e1d833
E92ed11e708ab,S97015f424890,T1877dccfaca4
E0260d120f3c0,S97a0985849b0,Tab59664d5bca
Ed966069ea795,S98f81d3a0d6b,T6cafe9d8cc03
Edd6e1b4755eb,S9da4b517fa47,Tbf4375d74f44
E08ee48a647bc,S9dc81e3b794f,T8dd562472562
E1c964f074495,S9e1e1d6d6069,T7f46f599a4ab
Ef15f8e87c9ee,S9f9c076590d5,T85fa7f04879a
E13deb3686db0,Sa0410f383c2d,Te1deb7a7eb68
Ecf204d0cbd93,Sa7913cba3042,T6b68ea5c918a
E78657791aa8f,Sa7a40c984716,Ta724c865c6ef
E27b28b1da54e,Saa5c97e08083,T1c1fe40145b3
E49e0a388a903,Safde66e030d4,T45f0efef386b
Efec449ef89bf,Sb4c959fe18d3,T61a74cd96c06
Ef918533fd99f,Sb71640d08bac,Tb0139170d3e3
E16344752081e,Sbc06e7ab0424,T402bc3751e12
Eee49f405d650,Sc023d52cd2be,Tad3a20123f3d
E7da2bd0e5767,Sc1e90f6a6502,Tc9bd8e0a63ce
E21086ecc5c59,Sc628a29678b6,T5cd2d191f95f
E71396402b96a,Sc71043807346,T0ddb53ca286a
E265fd4826403,Sc9ad1b78b5cb,T8f19586815fa
E4bfa8a6b7fc4,Scc38ed46cc57,Tec94ff1b110c
E9b46ac6c1672,Scc3b9d91a259,T7a1198a9a5e9
E60b7663b0a76,Sceb4bd29a09d,T3a58372efd99
E45cb5ab6f75f,Scf121c26c6b6,T578c6e1a38fc
Ea7e22d4b4b3f,Sd21df41d64f6,T44df99104989
E819904d61f2d,Sd2faf529f6fb,Tb87466c20310
E98f6475eb9b6,Sd46575c2a2f0,T943bbc067827
Eee6e2d2a05f8,Sd4e0f6e03335,T8dd562472562
Ee73dfd730869,Sd76f8bb34957,Tfe98af37c354
E8235cbca9878,Sd88d2e156a1c,Tb78ceb0406a9
E3c9c4858b5d9,Sda19cef33f65,T549817c150ad
E12e3279af84b,Sda8886b09e34,Td26c70f77cbc
E744b60169cf4,Sda94dafabdf3,T71229f65b0b5
Ead52ffe2cfe5,Sdb6b68d64b9b,T7ba16327db16
Ead857f5762c3,Sdc0ea1e86f63,T24d3c638bab8
E8c3706c50c84,Sdc27af4e8443,Tf1a2c254cefd
E01605ab0af5c,Sdeddbe2d2775,Tf8dbe57b5414
E7c6e1d3c18de,Sdf5472b574c7,Tcbebb442721e
E8e53ac45436c,Se0642ef8f071,T3bb13e61a1a2
Ebaf0efca5bcc,Se25b190ec14a,T29577f9a5bda
Eeca8b81c7f25,Se4918f141be7,Tf21b33ee68b9
E08d22df99682,Se54b4a9b0a59,Tce195838b312
E3e4b364a18bb,Sed2f4a6ee4fb,T375e7e4737fe
E932723efc29a,Seecdb3dd0b2f,Tb0139170d3e3
E5c1233f1012b,Seed4f9bd29ec,T8345971ef862
Ed7ebdf0d4b27,Sf71fe77ff830,Te14f7d2597be
Ea77af01309ee,Sf82b9fb78047,T77b21e6bbb2d
E1c3432c10633,Sfa4b6ed4ce22,T7f4e7bd506c4
