sample,stratum,period,pool,available,quota,drawn
pilot,month_year,train,2029,254,1,1
pilot,month_no_year,train,34,26,2,2
pilot,part_of_month,train,185,112,2,2
pilot,quarter,train,102,83,2,2
pilot,range,train,92,35,2,2
pilot,relative,train,5,5,1,1
pilot,exact_day,train,40,18,2,2
pilot,tbd,train,205,112,2,2
pilot,vague,train,3,3,1,1
pilot,no_date,train,91,23,1,1
pilot,silent,train,1192,190,1,1
pilot,distractor,train,56,39,1,1
pilot,dated_distractor,train,23,19,1,1
pilot,discontinuation,train,10,7,1,1
check,month_year,train,2028,240,4,4
check,month_no_year,train,32,24,3,3
check,part_of_month,train,183,103,3,3
check,quarter,train,100,81,3,3
check,range,train,90,30,3,3
check,relative,train,4,3,1,1
check,exact_day,train,38,16,3,3
check,tbd,train,202,106,0,0
check,vague,train,2,2,0,0
check,no_date,train,90,21,0,0
check,silent,train,1191,175,0,0
check,distractor,train,55,38,0,0
check,dated_distractor,train,22,18,0,0
check,discontinuation,train,9,6,0,0
reserve,month_year,train,2024,233,4,4
reserve,month_no_year,train,29,20,3,3
reserve,part_of_month,train,180,98,3,3
reserve,quarter,train,97,77,3,3
reserve,range,train,87,27,3,3
reserve,relative,train,3,2,1,1
reserve,exact_day,train,35,13,3,3
reserve,tbd,train,202,98,0,0
reserve,vague,train,2,2,0,0
reserve,no_date,train,90,21,0,0
reserve,silent,train,1191,169,0,0
reserve,distractor,train,55,36,0,0
reserve,dated_distractor,train,22,19,0,0
reserve,discontinuation,train,9,5,0,0
literal,month_year,train,2019,221,8,8
literal,month_year,test,3010,195,4,4
literal,month_no_year,train,26,15,7,7
literal,month_no_year,test,43,26,3,3
literal,part_of_month,train,177,88,7,7
literal,part_of_month,test,176,73,3,3
literal,quarter,train,94,73,7,7
literal,quarter,test,209,95,3,3
literal,range,train,84,21,7,7
literal,range,test,70,23,3,3
literal,relative,train,2,1,7,1
literal,relative,test,27,18,3,9
literal,exact_day,train,32,10,7,7
literal,exact_day,test,53,25,3,3
literal,tbd,train,202,93,8,8
literal,tbd,test,446,124,4,4
literal,vague,train,2,2,2,2
literal,vague,test,2,2,1,1
literal,no_date,train,90,18,3,3
literal,no_date,test,109,16,2,2
literal,silent,train,1191,161,7,7
literal,silent,test,2055,176,3,3
literal,distractor,train,55,35,4,4
literal,distractor,test,159,56,2,2
literal,dated_distractor,train,22,17,4,4
literal,dated_distractor,test,65,25,2,2
literal,discontinuation,train,9,5,4,4
literal,discontinuation,test,76,26,2,2
