period,cth_shock_mass,gate_active,proposal,demand,cum_net_cth_minus_arm1,cum_net_gate_minus_arm1,cum_net_immediate_minus_arm1,onset
1,0.0,0,0,93.0,0.0,0.0,0.0,14
2,0.0,0,0,86.0,0.0,0.0,0.0,14
3,0.0,0,0,124.0,0.0,0.0,0.0,14
4,0.0,0,0,150.0,0.0,0.0,0.0,14
5,0.0,0,0,114.0,0.0,0.0,0.0,14
6,0.0,0,0,96.0,0.0,0.0,0.0,14
7,0.0,0,0,124.0,0.0,0.0,0.0,14
8,0.0,0,0,61.0,0.0,0.0,0.0,14
9,0.0,0,0,128.0,0.0,0.0,0.0,14
10,0.0,0,0,119.0,0.0,0.0,0.0,14
11,0.0,0,0,82.0,0.0,0.0,0.0,14
12,0.0,0,0,112.0,0.0,0.0,0.0,14
13,0.0,0,1,131.0,0.0,0.0,0.0,14
14,0.025,0,0,77.0,0.0,0.0,0.0,14
15,0.026402,0,0,98.0,0.0,0.0,-35.0,14
16,0.027958,0,0,125.0,0.0,0.0,105.0,14
17,0.037428,0,0,135.0,-2.0,0.0,92.0,14
18,0.057342,0,0,110.0,2.0,0.0,184.0,14
19,0.088178,0,0,75.0,1.0,0.0,82.0,14
20,0.133434,0,0,143.0,17.0,0.0,301.0,14
21,0.19723,0,0,97.0,15.0,0.0,198.0,14
22,0.281525,0,0,125.0,43.0,0.0,98.0,14
23,0.365533,0,0,127.0,75.0,0.0,248.0,14
24,0.49963,1,0,98.0,139.0,0.0,238.0,14
25,0.614529,1,0,111.0,202.0,0.0,191.0,14
26,0.717949,1,0,103.0,178.0,0.0,70.0,14
27,0.802544,1,0,155.0,374.0,249.0,218.0,14
28,0.866487,1,0,101.0,482.0,326.0,247.0,14
29,0.911995,1,0,100.0,484.0,239.0,149.0,14
30,0.943012,1,0,102.0,462.0,121.0,31.0,14
31,0.963535,1,0,137.0,591.0,153.0,63.0,14
32,0.976848,1,0,77.0,582.0,29.0,-61.0,14
33,0.985375,1,0,113.0,619.0,-48.0,-138.0,14
34,0.990791,1,0,105.0,599.0,-181.0,-271.0,14
35,0.994213,1,0,110.0,576.0,-318.0,-408.0,14
36,0.996368,1,0,125.0,804.0,-203.0,-293.0,14
37,0.997722,1,0,37.0,768.0,-351.0,-441.0,14
38,0.998572,1,0,113.0,728.0,-503.0,-593.0,14
39,0.999105,1,0,124.0,677.0,-666.0,-756.0,14
40,0.99944,1,0,85.0,569.0,-886.0,-976.0,14
41,0.999649,1,0,72.0,644.0,-922.0,-1012.0,14
42,0.99978,1,0,78.0,570.0,-1107.0,-1197.0,14
43,0.999862,1,0,88.0,496.0,-1292.0,-1382.0,14
44,0.999914,1,0,79.0,421.0,-1478.0,-1568.0,14
45,0.999946,1,0,84.0,310.0,-1700.0,-1790.0,14
46,0.999966,1,0,122.0,305.0,-1815.0,-1905.0,14
47,0.999979,1,0,89.0,231.0,-1999.0,-2089.0,14
48,0.999987,1,0,93.0,221.0,-2118.0,-2208.0,14
49,0.999992,1,0,106.0,266.0,-2181.0,-2271.0,14
50,0.999995,1,0,93.0,198.0,-2358.0,-2448.0,14
