event_id,statement_group_id,thread_id,draw_rank,period
Ebb97b49c0103,S069d94c7fb08,Tf0987b3119ce,20,train
Ef046098d279c,S0c6d851dc552,T44288e706fa7,94,test
Eca803f2e042a,S0dcf2d6803cc,T60b4e0f784c5,97,train
E378690e8277e,S13a532cf0351,T639030fe8212,26,train
E2adf00d0efa9,S19bbd66e08e8,T48158bb2c011,81,train
E7e5732f75488,S19d9e91d77ec,T01457dd6f7b5,39,train
E21532964cf39,S1a9e6d0dcab8,T52ec72548697,21,train
E9700b42f596c,S1accc89c11fa,Tfe795c6d8400,15,train
E447db6f6629e,S1ae2e84aec3c,T383bc1da86c9,80,train
Ea606c0d98f70,S1cce7a6a1282,Tbcc46028f71d,82,train
E33a24a7dee46,S21109caee150,T7a1198a9a5e9,48,train
E2809366ae303,S21213704b5fc,T120c5e869fb7,87,train
E4809cf97b16b,S22b401bbd8c2,Te1b071323a9b,30,train
Ecb7eb01cf4a6,S245dea14b314,T82282c6c829b,50,train
E68a247586a74,S273460dac417,T764bc8a94731,58,train
E4930e86666a1,S2d840263b317,T8fb86dd24e11,100,train
E16e3281794aa,S2fc6c1380b78,T53679a3b7b1b,65,train
Efe37f7f7223d,S306d5c5648ce,T272987d158d9,71,train
E061eafc6d191,S323d911bff31,T8aca67b94eb9,41,train
E1a851ac5284e,S37778acd926e,Te5b678fe9fab,88,test
E19016bd41c30,S379614c35ec2,Te1e933ef8c30,45,train
E339506e219e6,S37d74a315ab5,Tab1c2ab3d387,59,train
E96f04959db05,S3c2b1f3d5d27,T8196c9e9c962,43,train
E40e12d725c87,S3d0c9b45d106,T37a5a86ea958,93,test
Eccee7efdb1d8,S3d672ad55954,T9cf547ef6515,69,train
E8d21b8d3b9e7,S3dcce03e0970,T91c53f197a2a,52,train
Eac982bd4a910,S3f8ed840df81,Taadff20fdc08,44,train
E414208e736c9,S46f8f73b0888,Tddff1503c68d,57,train
E955d1bcb7ad0,S4ea072faca31,T465d147d7cc9,99,train
E823558cd423e,S4ed3c5990374,T30273258ed80,11,train
E27ecd3232c32,S50f16f033135,T6f3dc8be81cc,90,test
Ec42f1a6dfd9f,S516344a9b5ee,T843b52e0a921,25,train
Eac728e4e51a5,S526ce634b46e,T9ec46111073f,74,train
E703e1b59b402,S56329f8a645e,T7a36f20681e1,14,train
E540f5a6e9f68,S5b2a38fb2074,Tde623625f47f,56,train
Eccbb6f29850b,S622003f01d48,T65c3ba587236,12,train
E4c7cd9c4a8dc,S624cb6a8da10,Tcc0bd71aa637,5,train
Ef884d4dbd46b,S62fb44476c56,Td7216bcb3e56,3,train
Eae3ffbe0733a,S63665e7a2241,T8f19586815fa,70,train
E9283395f43db,S63a7f475cbc4,T9036dd91830d,67,train
Ea6ae30b40b4a,S641174e0ee21,T926d2034416c,24,train
Edd0da37f1f84,S6608993e8c8c,Te9db22774ed0,49,train
E6a72a88dc20d,S681f7ab7e702,Tfcc79c961f87,77,train
Eac6b44aa3431,S6994a9942ccc,Taca12827b32e,83,train
E233c22a249d8,S6b586a205c92,T9b47b9ab0676,51,train
Ea8e1ef470bc1,S6be04d3ecfd3,T225fa90635f8,79,train
E648fa3da760d,S6ca61b0e6baa,T52ec72548697,16,train
E881397325cd4,S6ca7562d4e2e,Tccbdf26e7d4c,36,train
E24eae688c59e,S6d07e84d9748,T99c5452fa492,18,train
Ed15cbb0113bd,S6db1d27131e6,T21646e4fc216,89,test
E1a1e9778b64a,S6e72589689e7,Td8fe58095971,47,train
Edd36648e9e95,S71e0fef1e3ec,T040e870a9ead,7,train
E43bf1fc01019,S7241fc8e6a89,T2d6d50348db7,2,train
E23a11f697a49,S74c2298263c6,Td1db409d5a28,53,train
Ed641f99d2a02,S782a1bbeb379,T12c07c6f9a24,27,train
Ee2d14148ddde,S7834ddd6c67b,T6aa1c6379da7,23,train
E2d8ca1bf7a05,S7b7c777e9bbe,Tc9bab4f496c2,92,test
E22dd403235f9,S7b8334f8df18,T43153f3cb1ad,10,train
E60e23f9b1daa,S84a251b06b58,Tcaeb70ebcabd,75,train
Ef64a56149e32,S8d8b16526633,T1d565d3876a2,31,train
E4a51758870c8,S8da3c1db6a68,Ta707546f848d,42,train
E4cda96cd24a1,S8fa0e951af6c,T6faaec4c6052,73,train
E5aa0c58d4d9b,S8fb4e4db211b,T27b9373fa788,84,train
E01419b411fa2,S98143db3c552,Td91fde37b223,63,train
E6dec4fb1da8a,S9e9b05ee3b88,T79523e8d9d20,76,train
E49b2b37b6a76,S9eed62a809c8,T19f8d3311888,35,train
Eb86f46dbdd29,Sa892b3ac9b57,Tcc38dc46f0e0,60,train
E3493dd44800b,Sac6655edeaa7,T4ffec1d71f5a,1,train
E9e79f8468043,Sae425252894c,T3d3b693dff9b,6,train
E002987f2ce97,Sb1ea42161c22,T6a17b49610ab,34,train
E8783de40005f,Sb5e6b7ec7d90,T897dd834a299,54,train
E8391d5993b6a,Sb912f4428267,Tf75129438ea8,78,train
Eda2710de9f6e,Sb9750d0c48d2,T58188a436f79,22,train
E289b5d6f7bc1,Sbc32860813b5,T7a1198a9a5e9,85,train
E3604fa1153f3,Sc32ebe4ce3c5,Ta07e3de1866f,9,train
Ed30bafc28d9b,Sc409e2490686,T13553e2997c1,19,train
E695d81da24da,Sc4d18b7072dc,Tbd337fdd572d,62,train
Eee65ff20e5da,Sc7f1b3f641a2,T48acdc11f3fe,4,train
E219f2a973403,Scc666dfe2db2,T09e4e1e9e47f,13,train
E1a72d7ea60b6,Scfa6c9b08262,T6dd1c9c35411,55,train
E900ec8d831d2,Sd014e3d594b1,Tcc7ab6a7cb02,68,train
E75c0c5fdcda6,Sd54b1fa3673c,T3e7822af61cf,96,test
E0eea2520a0cd,Sd75419580dc5,Tdec7d0df7ade,98,train
E47ad5ce2234c,Sd8b786f579cd,T8196c9e9c962,8,train
E4010093aaf08,Sd9cb1bbaf6d4,T52ec72548697,72,train
E751a851909d7,Sddbfbc1135bc,Tde39940fe50f,46,train
E7db3c84396bb,Se0b5b94f67a1,T9037226855d9,37,train
E20e4b138a613,Se6f0e6fb0564,Tf770736d2bc4,28,train
E4ed267349c3b,Sea264841bcd0,T27b9373fa788,86,train
E0dfe355b50bf,Sec1889e8447a,T95fc4235e771,61,train
E3de3149c2948,Sec82ad84c627,T44288e706fa7,95,test
Eb776d5df7eff,Seddaf191d9a9,T886393b19101,29,train
Ed699116e6865,See0fa7df92e7,T0329f68cf651,33,train
Ef529fe5f9170,See5fd766d856,T625b8107e690,91,test
E69f245c4093e,Sf402362a7efd,T1a140d2829ca,40,train
Eff0ed0203c20,Sf41659f32ff1,Te31e44c41f92,64,train
E5211ab0ffef8,Sf80ffbc1f242,Ta8ae73bb4274,38,train
E0e75f91e8ace,Sfda6468ff6b8,T5a0a3bd85dc9,17,train
E134953efe44b,Sfeeb5cfa085b,T2796feeb2f22,32,train
E963d09c8642f,Sfefd9f0f62ee,Tfc098c13150b,66,train
