item_id,statement_type,start,end,abstain,abstain_reason,certainty,quote,distractor_roles,distractor_quotes,hard,note,adj_decision,adj_note
I0073a86a04,recovery,2021-11-01,2021-11-30,0,,estimated,,,,0,,agree,
I00996f1759,recovery,2020-07-21,2020-07-31,0,,estimated,,,,0,,agree,
I021eac01ef,recovery,2020-09-08,2020-10-10,0,,estimated,available by the end of September or early October 2020,,,1,"A2: C10 with a time made of two parts of months joined by 'or' (no C9 form): took the end of 'early October 2020' (2020-10-10, C3) and the anchor as the start.",agree,
I076c8bb3e4,next_delivery,2020-12-01,2020-12-31,0,,asserted,,,,0,,agree,
I099f4af3e8,none,,,1,no_statement,no_statement,,,,0,,agree,
I0a3757f262,next_delivery,2019-11-01,2019-12-31,0,,asserted,,,,0,,agree,
I0a4ca94f8f,recovery,2020-08-01,2020-08-31,0,,estimated,,,,0,,agree,
I0c38ef0533,recovery,2021-02-01,2021-02-28,0,,estimated,,,,0,,agree,
I0f9e817179,recovery,,,1,tbd,undetermined,Estimated shortage duration: TBD,,,0,,agree,
I108e677b5f,recovery,2024-04-01,2024-06-30,0,,estimated,Estimated Recovery: Q2 2024,,,0,,agree,
I148f881260,discontinuation,,,1,no_date,undetermined,,,,0,,agree,
I19d5c9e87b,discontinuation,,,1,no_date,undetermined,,,,0,,agree,
I1a68c52d6d,recovery,2024-11-01,2024-11-30,0,,asserted,,,,0,,agree,
I1bf230d77e,none,,,1,no_statement,no_statement,,,,0,,agree,
I1c10bd803b,none,,,1,no_statement,no_statement,,,,0,,agree,
I1e72711288,next_delivery,2020-10-20,2020-10-31,0,,estimated,,,,0,,agree,
I20af883a2c,recovery,2022-09-01,2022-09-30,0,,estimated,,,,0,,agree,
I23a8654ff4,recovery,2019-05-01,2019-05-01,0,,estimated,,,,0,,agree,
I24246700ec,recovery,2028-05-21,2028-05-21,0,,estimated,,,,0,,agree,
I2669b2348c,next_delivery,2021-04-01,2021-09-30,0,,asserted,,,,0,,agree,
I2a85780341,none,,,1,no_statement,no_statement,,expiry,(5/2022 expiry),0,,agree,
I2ac66682ed,recovery,,,1,tbd,undetermined,Estimated recovery: TBD,,,0,,agree,
I2c645f6934,recovery,2020-10-01,2020-12-31,0,,estimated,,,,0,,agree,
I3285062fce,recovery,2020-11-29,2020-11-29,0,,estimated,,,,0,,agree,
I35f173eebf,recovery,2020-01-01,2020-03-31,0,,estimated,,,,0,,agree,
I38ee6dbb9d,recovery,2020-07-01,2020-12-31,0,,asserted,,,,1,"A2: 'Availability limited ... until' read as recovery (a shortage word before the until; the time named is the resumption of manufacturing), though 'availability ... until' is also a depletion cue.",agree,
I3b3992d9c7,next_delivery,,,1,no_date,undetermined,,,,0,,agree,
I3dde852e30,recovery,2026-02-18,2026-02-18,0,,estimated,,,,0,,agree,
I419f6584d9,recovery,2022-06-01,2022-07-31,0,,estimated,,,,0,,agree,
I44ce838558,recovery,2021-07-01,2021-07-01,0,,asserted,,,,0,,agree,
I4555ac4ed7,next_delivery,,,1,no_date,undetermined,,,,0,,agree,
I4bbbe0a720,recovery,2025-07-29,2025-08-05,0,,estimated,Duration: 2 to 3 weeks,,,0,,agree,
I4d13b3470a,next_delivery,2025-04-01,2025-04-30,0,,estimated,next release in April,onset; onset,Backorder projected in March | Backorder projected again in May,0,,agree,
I5137a431c9,next_delivery,2020-10-28,2020-11-30,0,,estimated,Units expected to be received by November,,,0,,agree,
I5a2a677d52,recovery,2019-01-09,2019-04-01,0,,estimated,,,,0,,agree,
I5c60f036cd,recovery,2021-09-01,2021-09-30,0,,estimated,"product recovery September, 2021",onset,"Presentation will go on backorder by Mid-April, 2021",0,,agree,
I5f9a2ea762,next_delivery,,,1,tbd,undetermined,,,,0,,agree,
I60b4d524ea,next_delivery,2022-04-01,2022-04-30,0,,estimated,Lots are anticipated in April,,,0,,agree,
I611164d6f8,recovery,2019-10-21,2019-10-31,0,,estimated,,,,0,,agree,
I62013f37ad,next_delivery,2020-12-11,2020-12-11,0,,estimated,,,,0,,agree,
I664e80a83c,recovery,2026-04-11,2026-04-20,0,,estimated,,,,0,,agree,
I68693b1082,recovery,,,1,tbd,undetermined,,,,0,,agree,
I69b8334854,discontinuation,,,1,no_date,undetermined,,,,0,,agree,
I6a66741e6d,recovery,,,1,vague,estimated,Long-term backorder,,,0,,agree,
I6a75097b25,next_delivery,2026-04-01,2026-05-31,0,,asserted,,,,0,,agree,
I6ad29cd936,next_delivery,2024-10-20,2024-10-20,0,,asserted,Next Supply on end of this week,depletion,Available Inventory for 1 week as per current demand,1,Read 'end of this week' as the last day of the calendar week that holds the date of update (Sunday 20 October 2024).,gap,"GAP (new convention needed). No convention covers 'this week'/'end of this week': C4 gives only 'week of <date>' and the nth/last week of a month, and C12 counts weeks but names only this/end of the month and end of the year. New convention: 'this week' is the ISO-8601 Monday-Sunday week holding the Date of update, and 'end of this week' is its last day (the Sunday); here 2024-10-15 (Tue) gives Sunday 2024-10-20 (A1). Checked all 120 items: only I6ad29cd936 uses this/end of this week (the others are C4 'week of <date>', C12 counted weeks, or the rate 'per week'), so the amendment touches this item alone."
I6b1b152487,recovery,2024-07-11,2024-07-20,0,,estimated,,,,0,,agree,
I6cab0cb9a2,none,,,1,no_statement,no_statement,,,,0,,agree,
I6cc1155346,next_delivery,,,1,tbd,undetermined,,,,0,,agree,
I6ea7f3e73d,next_delivery,2022-10-01,2022-11-30,0,,asserted,,,,0,,agree,
I7684f20b65,recovery,2026-04-18,2026-05-03,0,,estimated,,,,0,,agree,
I774550fe3e,recovery,,,1,vague,estimated,long term,,,0,,agree,
I77639941f0,none,,,1,no_statement,no_statement,,past,"as of July 1, 2022",0,,slip,"SLIP. 3.6 says past events are never statements about timing and 3.10 lists 'as of X' as a past distractor; the only time expression ('as of July 1, 2022') lies before the anchor 2022-09-02, so the entry makes no forward-looking statement: none, abstain no_statement, certainty no_statement, with the past date as a distractor. A1 applied it; A2 misread the past availability date as a stale recovery target."
I77c86a393e,next_delivery,2021-04-01,2021-04-30,0,,asserted,Next release April 2021,expiry; expiry,5/31/2021 | 6/30/2021,0,,gap,"GAP (new convention needed). The guide does not say whether one expiry phrase that names several dates is one distractor or one per date (3.10 calls a distractor a time expression, and worked example 15 shows only a single dated expiry). New convention: record a separate distractor (role and quote, semicolon-aligned) for each distinct date. The expiry parenthetical names two dates, so there are two expiry distractors (A2's count; A1 merged them into one). Checked all 120 items: I77c86a393e is the only place an annotator packed several dates into one distractor entry (in I8568fe79d4 both already recorded two separate roles), so the amendment touches this item alone."
I78b5962133,recovery,2025-07-15,2025-07-15,0,,asserted,,,,0,,agree,
I791bc5fe56,next_delivery,2024-03-01,2024-04-30,0,,asserted,,,,0,,agree,
I7dda1a3e51,none,,,1,no_statement,no_statement,,expiry,(8/31/2023 expiry),0,,agree,
I826a94fc3d,next_delivery,,,1,tbd,undetermined,,,,0,,agree,
I8334f682e6,none,,,1,no_statement,no_statement,,expiry,(4/2022 expiry),0,,agree,
I854354bcd5,none,,,1,no_statement,no_statement,,,,0,,agree,
I8568fe79d4,none,,,1,no_statement,no_statement,,past; past,initiated 2/15/2017 | Starting in August 2018,0,,agree,
I85e0b92944,discontinuation,,,1,no_date,undetermined,,,,0,,agree,
I86023e6058,recovery,2023-08-01,2023-08-31,0,,asserted,,,,0,,agree,
I88dd9db62a,recovery,2026-02-22,2026-02-22,0,,estimated,,,,0,,agree,
I89318262de,none,,,1,no_statement,no_statement,,,,0,,agree,
I8b17dfa6f0,next_delivery,,,1,no_date,undetermined,,,,0,,agree,
I8b8606413a,recovery,2022-07-11,2022-07-20,0,,asserted,,,,0,,agree,
I8cb87fff8f,none,,,1,no_statement,no_statement,,,,0,,agree,
I8dbfcc3dc3,recovery,2023-02-01,2023-02-28,0,,estimated,,,,0,,agree,
I8f2730ab96,next_delivery,,,1,no_date,undetermined,,,,0,,agree,
I91b750245e,next_delivery,,,1,vague,estimated,More quantities will be available in coming weeks/months,,,0,,slip,"SLIP. 3.6 lists 'additional or new lots, units, quantities or stocks' and 'product will be made available as it is released' as next_delivery cues (worked example 5: 'additional lots ... scheduled for release' -> next_delivery); 'more quantities will be available' states added supply, not that supply returns to normal or the shortage ends, so no recovery statement is present. Type next_delivery, abstaining vague (C14). A1 applied it; A2 typed recovery."
I93cf06dfde,next_delivery,2024-01-01,2024-01-31,0,,asserted,,,,0,,agree,
I93e47e047e,next_delivery,2021-11-01,2021-12-31,0,,asserted,,,,0,,agree,
I993937bb59,discontinuation,,,1,no_date,undetermined,,,,0,,agree,
I9d3de0f959,recovery,2019-12-11,2019-12-20,0,,asserted,,,,0,,agree,
Ia03f19c6b8,recovery,2026-09-01,2026-09-30,0,,estimated,Estimated availability: September 2026,onset,Expected to go on backorder by mid-May 2026,0,,agree,
Ia060892ad4,next_delivery,2023-03-01,2023-03-31,0,,asserted,,,,0,,agree,
Ia1d202d8e6,recovery,2021-01-01,2021-03-31,0,,estimated,,,,0,,agree,
Ia26188db16,recovery,2026-02-11,2026-02-11,0,,estimated,Estimated recovery: 2/11/2026,past,Prev date-01/21/2026,0,,agree,
Ia29e292cb9,recovery,2025-09-20,2025-09-20,0,,asserted,,,,0,,agree,
Ia49f39072b,next_delivery,2021-10-01,2021-10-31,0,,asserted,Next release October 2021,expiry,(12/2021 expiry),0,,agree,
Ia54bee6d8d,recovery,2025-04-01,2025-06-30,0,,asserted,,,,0,,agree,
Ia6b3604a3e,recovery,2019-08-01,2019-08-31,0,,estimated,Estimate remaining on allocation of 20mL size through August,,,0,,agree,
Ia72a3d27df,next_delivery,2024-01-01,2024-01-31,0,,asserted,,,,0,,slip,"SLIP. C8: a month written without a year is its first occurrence that ends on or after the Date of update; 'Jan' first ends on or after 2024-01-24 at 2024-01-31, so 'next shipment Jan' is January 2024 (whole month, C2). A1 applied it; A2 took 2025-01."
Iaba2c3e9f9,recovery,2022-11-21,2022-11-21,0,,estimated,,,,0,,agree,
Ib195a78664,recovery,2024-04-21,2024-04-30,0,,asserted,,,,0,,agree,
Ibe5af81d50,recovery,2019-10-01,2019-10-01,0,,estimated,,,,0,,agree,
Ibf1d94f5eb,recovery,2020-06-01,2020-06-30,0,,estimated,,,,0,,agree,
Ibfb05ba3ab,next_delivery,2018-09-07,2018-09-07,0,,estimated,,,,0,,agree,
Ic38fdbd74c,next_delivery,,,1,tbd,undetermined,,,,0,,agree,
Ic56c2f9b31,recovery,2021-01-01,2021-03-31,0,,asserted,,,,0,,agree,
Ic7d940e4e7,next_delivery,,,1,tbd,undetermined,,,,0,,agree,
Ica7814800b,recovery,2021-04-01,2021-04-30,0,,estimated,,,,0,,agree,
Icac0a82920,recovery,2023-04-01,2023-04-30,0,,estimated,,,,0,,agree,
Icbccdbea5a,recovery,2023-04-01,2023-06-30,0,,estimated,,,,0,,agree,
Icf0ab43669,next_delivery,2023-03-01,2023-04-30,0,,asserted,,,,0,,agree,
Id1ac80d8b8,next_delivery,2022-10-01,2022-12-31,0,,asserted,,,,0,,agree,
Id62f88248c,recovery,,,1,tbd,undetermined,,,,0,,agree,
Idaaa095e5c,next_delivery,2021-04-26,2021-05-31,0,,asserted,Additional inventory will be available by end of May 2021,,,1,Two times are named for the target ('by end of May 2021 and June 2021'): the first listed is the target (3.6 rule 6) and C10 reads 'by end of May 2021' from the anchor (2021-04-26 to 2021-05-31); typed next_delivery on 3.6's 'additional inventory ... available' cue.,slip,"SLIP. 3.6 lists 'additional ... stocks' and 'product will be made available as it is released' as next_delivery cues (worked example 5); 'additional inventory will be available' states added supply, not that the shortage ends, so the target is next_delivery, not recovery. June 2021 is a later item of the same statement's list, not a distractor (3.10); by-end-of-May 2021 gives 2021-04-26 to 2021-05-31 (C10). hard=1 because A2 set it and the gold takes hard=1 if either annotator did (section 5, rule 2)."
Idca62cc3fb,recovery,2019-12-11,2019-12-20,0,,estimated,,,,0,,agree,
Idd01f69ad0,next_delivery,2024-09-23,2024-09-29,0,,asserted,Next Supply from wk. of 23rd Sep-24,depletion,Available Inventory for 1 week as per current demand,0,,agree,
Iddecbcb745,recovery,,,1,tbd,undetermined,,,,0,,agree,
Ie26c6b9afb,discontinuation,,,1,no_date,undetermined,,,,0,,agree,
Ie322d5fdd3,next_delivery,,,1,no_date,undetermined,,,,0,,agree,
Ie6adc40e9f,next_delivery,2021-07-01,2021-08-31,0,,asserted,,,,0,,agree,
Ie705ff60bf,recovery,2024-07-01,2024-09-30,0,,asserted,,,,0,,agree,
Ie716fe7dda,next_delivery,2024-05-01,2024-05-31,0,,asserted,,,,0,,agree,
Ie7631cb670,recovery,2019-12-01,2019-12-31,0,,estimated,Next Delivery and Estimated Recovery: December 2019,past,November deliveries received,0,,agree,
Ie8560abb5d,recovery,,,1,tbd,undetermined,,,,0,,agree,
Ie88b1b6a6c,recovery,2026-06-02,2026-07-10,0,,estimated,,,,0,,agree,
Ie959aa0273,discontinuation,,,1,no_date,undetermined,,,,0,,agree,
Ied8a0bbb1e,recovery,2020-03-01,2020-03-31,0,,estimated,,,,0,,agree,
Iee593b75e9,discontinuation,,,1,no_date,undetermined,,,,0,,agree,
Iefeb8dde85,recovery,2021-10-01,2021-10-31,0,,estimated,Estimated Recovery: October 2021,,,0,,agree,
If14c655dbb,recovery,2026-02-15,2026-02-15,0,,estimated,,,,0,,agree,
If157b642c3,recovery,,,1,tbd,undetermined,Recovery is TBD at this time,,,0,,agree,
If6a453156a,none,,,1,no_statement,no_statement,,,,0,,agree,
If72feed455,none,,,1,no_statement,no_statement,,onset,Backorder projected in April,0,,agree,
If732ee4f36,next_delivery,2020-11-01,2020-11-30,0,,estimated,,,,0,,agree,
Ifcf38456d2,recovery,2023-04-03,2023-04-03,0,,asserted,,,,1,A1: The notice gives a start ('from April 3rd 2023') and no end; read as the single day 2023-04-03.,agree,
